P,K,nitrogen,ph,clay,organic_carbon,temperature,humidity,rainfall,label
42,43,1.69,6.502985292000001,32.8,20.6,20.87974371,82.00274423,202.9355362,rice
58,41,1.88,7.038096361,28.2,13.4,21.77046169,80.31964408,226.6555374,rice
55,44,1.64,7.840207144,36.4,17.9,23.00445915,82.3207629,263.9642476,rice
35,40,1.34,6.980400905,42.4,20.7,26.49109635,80.15836264,242.8640342,rice
42,42,1.62,7.628472891,43.6,19.6,20.13017482,81.60487287,262.7173405,rice
37,42,1.34,7.073453503,39.8,14.6,23.05804872,83.37011772,251.0549998,rice
55,38,1.86,5.70080568,37.8,17.4,22.70883798,82.63941394,271.3248604,rice
53,40,1.4,5.718627177999999,44.1,17.5,20.27774362,82.89408619,241.9741949,rice
54,38,1.47,6.685346424,36.2,19.9,24.51588066,83.53521629999999,230.4462359,rice
58,38,1.71,6.336253525,40.1,19.5,23.22397386,83.03322691,221.2091958,rice
53,40,2.24,5.386167788,36.0,16.2,26.52723513,81.41753846,264.6148697,rice
46,42,1.36,7.50283396,41.1,22.0,23.97898217,81.45061596,250.0832336,rice
58,44,1.57,5.108681786,33.8,15.1,26.80079604,80.88684822,284.4364567,rice
56,36,1.8,6.98435366,41.7,19.9,24.01497622,82.05687182,185.2773389,rice
50,37,1.4,6.94801983,39.2,18.4,25.66585205,80.66385045,209.5869708,rice
48,39,1.67,7.042299068999999,42.4,18.8,24.28209415,80.30025587,231.0863347,rice
38,41,1.8,6.2490506560000005,38.3,19.0,21.58711777,82.7883708,276.65524589999995,rice
35,39,1.79,6.970859754,30.7,16.9,23.79391957,80.41817957,206.2611855,rice
38,36,1.46,5.953933276,34.8,17.0,21.8652524,80.1923008,224.55501690000003,rice
35,40,2.05,5.85393208,33.7,21.4,23.57943626,83.58760316,291.2986618000001,rice
45,36,1.1,6.442475375,36.3,18.6,21.32504158,80.47476396,185.4974732,rice
40,43,1.78,5.070175667,41.6,20.8,25.15745531,83.11713476,231.3843163,rice
59,41,1.5,6.012632591,35.7,21.0,21.94766735,80.97384195,213.3560921,rice
41,43,1.54,6.254028451,31.6,14.0,21.0525355,82.67839517,233.1075816,rice
47,37,1.32,7.375482851,40.5,18.5,23.48381344,81.33265073,224.0581164,rice
53,41,1.81,7.778915154,35.9,18.6,25.0756354,80.52389148,257.0038865,rice
59,43,1.79,6.2865001760000006,36.5,19.6,26.35927159,84.04403589,271.35861370000003,rice
50,41,1.4,7.070959995,36.2,16.7,24.52922681,80.54498576,260.2634026,rice
49,44,1.24,6.244841491,40.4,16.4,20.77576147,84.49774397,240.0810647,rice
51,35,1.6,6.043304899,40.4,19.6,22.30157427,80.64416466,197.9791215,rice
57,41,1.8,5.824709117,37.5,16.5,21.44653958,84.94375962,272.2017204,rice
35,40,1.58,6.3573893660000005,29.6,12.9,22.17931888,80.33127223,200.0882787,rice
37,39,1.2,6.364134967999999,33.0,19.4,24.52783742,82.73685569,224.67572310000003,rice
53,38,1.33,5.01450727,36.1,22.5,20.26707606,81.63895217,270.4417274,rice
54,44,1.49,6.149410611,41.7,14.7,25.7354293,83.88266234,233.1321372,rice
55,42,1.54,5.950660556,33.2,16.8,26.79533926,82.1480873,193.3473987,rice
57,35,1.85,5.960370061,29.4,19.5,26.75754171,81.17734011,272.29990560000005,rice
39,36,1.67,5.561398642,35.0,12.9,23.86330467,83.15250801,285.2493645,rice
43,44,1.62,7.416245107000001,35.4,18.8,21.01944696,82.95221726,298.40184710000005,rice
44,41,1.61,5.583370042,46.0,17.2,24.17298839,83.7287574,257.0343554,rice
42,36,1.29,6.430010215,38.9,18.8,22.78133816,82.06719137,248.7183228,rice
45,43,2.01,5.534878156,42.2,19.2,25.62980105,83.52842314,209.9001977,rice
60,36,2.04,6.903985986,32.1,15.8,25.59704938,80.14509262,200.834898,rice
40,40,1.32,6.271478837999999,36.1,13.2,23.83067496,84.81360127,298.5601175,rice
52,45,1.79,7.224285503,36.9,12.9,26.31355498,82.36698992,265.5355937,rice
35,38,1.3,6.13428721,39.6,20.9,24.8972823,80.52586088,183.6793207,rice
49,42,2.2,5.206373153,52.6,19.5,24.958779,84.47963372,196.95600080000003,rice
39,38,1.3,7.782051312999999,27.3,18.9,23.24113501,84.59201843,233.0453455,rice
43,39,1.36,7.062779015,35.9,15.9,21.66628296,80.70960551,210.8142087,rice
55,45,1.56,7.730367824,43.3,18.5,24.63544858,80.41363018,253.7202781,rice
36,43,1.55,5.286203711000001,32.8,12.1,23.43121862,83.06310136,219.9048349,rice
60,39,1.45,6.766240045,37.7,24.2,20.0454142,80.3477562,208.5810155,rice
56,42,1.64,7.382762603,42.9,16.3,23.85724032,82.22572988,195.0948311,rice
60,43,1.24,5.658169482000001,33.2,15.5,21.97199397,81.89918197,227.3637009,rice
52,36,2.24,5.543360237999999,33.9,20.9,26.22916897,83.83625819,286.5083725,rice
38,39,1.33,6.215109715,42.7,19.3,23.44676801,84.79352417,283.9338466,rice
54,38,1.55,7.120272972,37.8,15.7,25.65553461,83.47021081,217.3788583,rice
36,45,1.73,5.950647577000001,35.7,13.7,24.44345477,82.45432595,267.97619480000003,rice
46,40,1.22,7.236705436,38.9,23.5,20.2801937,82.1235421,191.9535738,rice
55,35,1.65,6.501697816,37.4,19.0,21.7238313,80.2389895,277.9626192,rice
40,38,1.99,7.592490617,39.1,16.6,20.41447029,82.20802629,245.1511304,rice
58,45,1.93,5.875345751,40.1,23.4,25.75528612,83.51827127,245.6626799,rice
58,38,1.65,6.932400225,31.9,13.2,20.61521424,83.77345559,279.5451717,rice
36,42,2.1,6.9462098810000015,46.6,17.4,21.84106875,80.72886384,202.3838319,rice
47,42,1.49,5.739175027000001,45.3,14.1,20.08369642,83.29114712,263.6372176,rice
41,36,1.33,6.738652179,41.2,16.6,24.45802087,82.74835604,182.5616319,rice
54,37,1.6,5.5948196260000005,37.2,19.2,21.14347496,80.33502926,198.6730942,rice
59,35,2.02,6.946636369,38.5,20.3,25.78720567,82.11124033,243.5120414,rice
46,41,0.98,5.012139669,37.8,15.0,23.64124821,80.28597873,263.1103304,rice
56,37,1.23,6.363472207999999,33.6,16.8,23.43191632,80.56887849,269.5039162,rice
52,41,1.87,6.880431223,31.4,18.1,24.97669518,83.891805,204.8001847,rice
45,38,1.45,7.300410836,36.4,21.5,22.72791041,82.17068809999998,260.8875056,rice
42,37,1.76,6.587918707999999,44.7,17.5,24.87300744,82.84022551,295.6094492000001,rice
43,42,1.39,7.283736617000001,36.9,18.8,21.32376327,83.00320459,192.3197536,rice
54,36,1.65,7.023936392,32.6,18.3,26.29465461,84.56919326,257.4914906,rice
36,45,1.67,6.939083505,50.6,24.6,22.2286982,81.85872947,278.0791793,rice
47,44,1.34,7.868474653,36.6,12.9,26.73072391,81.78596776,280.4044392,rice
35,38,1.42,5.005306977,39.6,22.2,24.88921174,81.97927117,185.9461429,rice
36,37,1.38,6.136131869,34.7,10.5,26.88444878,81.46033732,194.5766559,rice
41,38,1.55,7.5240800760000015,32.7,16.1,22.67846116,83.72874389,200.9133156,rice
57,43,1.34,5.706943251,37.5,11.8,26.08867875,80.37979919,182.9043504,rice
45,35,1.16,5.758506323,48.6,13.5,25.42977518,82.94682591,195.3574542,rice
53,43,1.27,6.349606327,47.2,28.2,26.40323239,81.05635517,223.3671883,rice
43,39,1.25,5.9999690260000005,36.2,19.2,26.04371967,84.96907151,186.7536773,rice
58,39,2.12,5.453592032,33.1,17.1,25.2827223,80.54372813,220.1156708,rice
60,38,1.83,6.372576327000001,40.2,16.7,22.08576562,83.47038318,231.7364957,rice
43,38,1.56,5.105588355,31.1,17.2,23.28617173,81.43321641,242.3170629,rice
50,44,1.52,5.9353444060000005,39.2,16.1,25.48591986,81.40633547,182.6549356,rice
53,42,1.74,5.17782304,43.1,18.5,23.67575393,81.03569343,233.7034975,rice
50,40,1.71,6.462391607000001,38.3,18.0,20.82477109,84.1341879,230.22422230000004,rice
53,38,1.38,7.069172227,39.6,17.7,26.92995077,81.91411159,290.67937830000005,rice
44,38,2.23,7.473134377,45.9,19.4,23.83509503,83.88387074,241.20135130000003,rice
45,35,1.37,6.158376967000001,32.4,22.2,26.52872817,80.12267476,218.9163567,rice
40,38,1.68,7.549873681,40.4,11.9,26.46428311,83.85642678,248.2256491,rice
51,36,1.88,6.028321557999999,40.3,14.1,22.69657794,82.81088865,256.9964761,rice
46,42,1.46,6.604993475,39.3,18.2,22.68319059,83.46358271,194.2651719,rice
47,37,1.51,6.500343222000001,37.5,17.1,21.53346343,82.14004101,295.9248796,rice
55,45,1.65,5.935745417000001,45.4,9.0,21.40865769,83.32931909999998,287.5766935000001,rice
35,44,1.53,7.072655622,38.9,19.0,26.54348085,84.67353597,183.6222657,rice
37,40,1.49,5.333322606,29.2,19.1,23.35905428,83.59512273,188.413665,rice
54,16,2.32,5.7499144210000015,20.3,18.0,22.61359953,63.69070564,87.75953857,maize
44,17,1.7,6.931756557999999,27.7,11.3,26.10018422,71.57476937,102.2662445,maize
43,16,1.7,6.657964753,34.5,17.0,23.55882094,71.59351368,66.71995467,maize
58,21,2.32,6.596060648,33.9,16.5,19.97215954,57.68272924,60.65171481,maize
38,20,2.32,5.970458434,30.2,17.9,18.47891261,62.69503871,65.43835393,maize
41,16,1.71,6.158830619,28.3,12.6,21.77689322,57.80840636,102.0861694,maize
41,17,2.1,6.047906679,22.1,17.7,25.6217169,66.50415474,105.4654703,maize
60,19,1.74,5.913664501,33.9,17.6,25.19192419,66.69029010000001,78.06639649,maize
44,17,2.35,5.855442401,31.7,9.5,20.41683147,62.55424820000001,65.27798457,maize
60,25,1.78,5.750254943,22.1,13.2,24.92162194,66.78627406,109.2162279,maize
44,19,2.25,5.852607099,31.2,12.6,23.31689124,73.4541537,94.29712821,maize
49,21,1.5,6.4725232870000005,28.2,10.7,24.84016732,68.3584573,74.05474936,maize
52,16,1.6,6.9670577620000005,29.6,19.0,22.27526694,58.84015925,63.87020584,maize
44,16,1.98,6.082973754,16.5,16.1,18.87751445,65.76816093,94.76189431,maize
54,21,1.82,5.919045532,30.1,20.7,25.19008683,60.200168700000006,72.12375573,maize
58,22,1.18,6.204747652999999,25.0,17.1,18.25405352,55.28220433,63.72358154,maize
47,17,1.33,6.600827017,35.4,16.3,24.612911800000006,70.4162444,104.1626147,maize
41,17,2.05,6.021902237000001,25.1,17.8,25.1420613,65.26185135,76.68456006,maize
53,19,2.12,6.033550195,29.2,15.8,23.09348056,60.11593810000001,65.49730729,maize
55,19,1.88,6.28886807,23.7,14.5,18.05033737,62.89366992,84.23613484,maize
57,21,1.75,6.550563822999999,29.9,18.5,24.9321581,73.80435276,79.74078719,maize
50,15,1.48,5.573286437,27.4,20.2,18.14710054,71.09445342,88.07753741,maize
56,22,1.58,6.829199275,23.9,15.7,18.28362235,66.65952796,80.97573281,maize
45,21,2.05,5.716222912,28.1,19.7,18.83344471,58.75082029,79.75328959999999,maize
48,16,2.06,5.54990242,32.2,16.9,25.71895816,67.22190688,74.51490791,maize
51,16,2.5,6.586244581,27.0,8.0,25.33797709,68.49835977,96.46380213,maize
39,18,2.28,5.893093135,25.7,15.4,23.89114571,57.48775781,102.8301942,maize
49,15,2.19,5.918263801,20.0,10.6,21.53574127,71.50905983,102.4852929,maize
48,22,1.32,5.588650585,24.0,16.5,23.08974909,63.10459626,70.43473609,maize
54,20,1.96,6.576418207000001,29.4,10.1,25.61707368,63.4711755,108.8303762,maize
35,25,1.11,6.178056304,28.3,13.3,21.44526922,63.1621551,65.88951188,maize
43,19,1.94,6.641906353,31.5,15.5,18.51816776,55.53128131,90.988051,maize
57,25,2.03,6.489040367,29.1,16.9,22.53510514,67.99257471,64.40866039,maize
35,23,1.59,5.680361037999999,27.1,15.7,23.02038334,61.89472002,63.03843397,maize
46,22,2.05,6.625404347999999,26.0,16.8,24.89364635,65.61418761,87.9298085,maize
44,21,1.72,6.524478032,27.4,17.9,25.77175115,74.089114,107.4931917,maize
56,18,1.2,5.696205468,21.5,9.8,19.39851734,62.35750641,60.95197486,maize
55,21,1.1,6.803931519,24.6,17.6,21.54156232,59.64024162,109.7515385,maize
35,18,1.71,6.252797547999999,29.0,18.8,23.79746068,74.82913698,91.76337172,maize
57,18,2.2,6.092725883,27.7,19.7,18.9802729,74.52600826,94.26249353,maize
56,17,1.83,6.234330356,23.8,12.9,24.10859207,73.13112261,71.07562236,maize
44,23,1.36,5.722579819,23.6,13.7,24.7947077,70.04556743,76.72860067,maize
48,17,2.04,6.430616465,36.6,10.2,21.63162756,60.27766379,69.21803098,maize
60,17,1.92,5.983952675,22.8,16.7,25.37548751,57.21025565,101.7004306,maize
51,23,1.76,6.80163854,18.8,18.2,22.21738222,72.85462807,106.6213157,maize
46,22,1.62,6.499936446,25.3,11.3,20.58314011,69.00128641,66.29390357,maize
60,15,1.6,6.265564338,30.1,14.3,24.87502824,68.74248334,91.26056654,maize
58,18,1.9,6.727303282,29.8,19.6,20.03728219,56.35606753,109.024141,maize
43,23,1.7,6.325235159,20.6,18.7,25.95263264,61.89082199,99.57981207,maize
43,17,1.7,6.807487794,33.6,16.3,19.28889933,65.47050802,71.3195307,maize
36,20,1.76,6.671085817000001,29.7,21.8,20.57981887,65.34583901,78.34604471,maize
36,23,2.42,6.648725327,28.3,15.6,24.71417533,56.73426469,88.45361858,maize
60,23,2.12,6.439071996,23.8,16.2,20.27317074,63.91281869,62.50351892,maize
38,17,1.79,6.474476516,29.6,12.1,18.41932981,64.23580251,76.41312437,maize
54,17,1.32,5.871647806,17.6,11.1,23.39128187,61.74427165,107.3198135,maize
38,22,1.66,5.730617109,26.5,21.8,19.84939404,61.24500053,100.7689246,maize
44,21,2.13,5.850439831,23.2,16.2,21.869274,61.91044947,107.2681929,maize
58,19,1.68,5.791649933,26.6,15.6,22.8056033,56.50768935,101.5952794,maize
44,20,1.99,6.740000687999999,26.3,18.7,19.0781471,69.02298571,80.72515943,maize
35,16,1.46,6.272417541,28.0,24.1,22.02720976,65.35549924,83.73280082,maize
45,20,1.87,5.715208817000001,35.2,15.3,23.80546189,59.24537979,89.96220140000001,maize
60,25,1.97,5.773454729,27.7,14.4,18.52510753,69.0276233,88.10234397,maize
51,24,1.57,5.584171461,30.2,12.0,23.50297882,61.32026065,64.77791424,maize
36,24,2.0,5.787268394,33.4,16.3,26.54986394,72.89187265,73.33636055,maize
48,18,1.71,5.77597783,30.3,13.9,19.29563411,69.63481219,83.21030571,maize
53,18,2.08,6.864793607,18.8,13.8,20.68899915,59.4375337,103.651438,maize
45,23,1.2,6.192360002999999,20.5,19.8,19.32666088,68.03449300000001,84.22969177,maize
45,21,2.07,6.636803222999999,24.4,9.7,24.60532218,73.58868502,96.59195302,maize
35,24,0.91,5.826426917,25.3,23.5,22.27373646,59.52193158,67.96704792,maize
54,22,1.93,6.960358276,25.2,16.6,25.70196694,61.33450447,83.20711308,maize
39,18,1.33,6.11275104,26.5,15.3,19.20129357,68.30578978,87.85092352,maize
48,20,1.77,6.708446922,32.0,16.2,21.70181447,60.47470519,95.71388473,maize
37,16,2.0,5.561510732,24.6,18.1,20.51716779,59.21235483,67.61013737,maize
50,19,2.29,5.873242491,23.1,11.9,23.30355338,73.62548442,97.59081274,maize
39,24,2.2,6.995843776,27.0,19.9,24.2547451,55.64709899,64.23845455,maize
52,17,1.67,5.714799723,35.3,15.5,24.86374934,65.7420046,75.82270467,maize
39,23,1.88,6.78073637,35.8,13.7,22.6265115,65.77472881,88.17251033,maize
49,20,1.52,5.513697923,25.8,16.6,18.04185513,60.61494304,104.2321615,maize
42,21,1.33,5.798423907999999,31.2,13.1,23.26237612,72.33125523,67.10225139,maize
38,21,2.14,6.352471866,16.0,12.2,22.88330922,71.59722446,67.72777298,maize
52,25,1.29,6.822586546,23.9,15.9,25.97482359,69.36385721,103.2234212,maize
40,19,1.75,6.655426355,26.7,14.4,26.14384005,66.20569924,107.2361366,maize
57,24,1.86,6.1212940410000005,23.0,17.5,18.66116213,61.55327249,75.03247667,maize
52,18,2.0,5.790770202999999,29.9,16.9,25.10787449,55.97732754,78.16077693,maize
59,17,1.89,6.47444292,38.2,14.7,23.33844615,59.24580604,105.0083144,maize
38,15,1.71,6.455116637000001,24.2,11.4,25.08239719,65.92195844,62.49190812,maize
60,22,1.43,6.6069840860000015,23.6,14.8,25.36768364,72.52054555,107.9124111,maize
37,22,1.9,6.330554389,28.3,12.3,25.34217103,63.31801994,74.52082026,maize
58,15,2.07,6.5286312660000005,31.7,14.4,25.00933355,67.816568,62.91359494,maize
60,23,1.6,5.721667141,30.7,15.7,18.66746724,71.516474,69.93293255,maize
59,17,1.37,6.644205485,27.7,15.9,20.37999665,63.73849998,108.5054416,maize
55,15,1.53,6.376651091,28.9,9.9,18.09300227,72.61024172,78.96159541,maize
51,18,2.2,6.247040422,34.2,14.1,26.16985907,71.96246617,79.84925393,maize
48,25,1.91,6.656730007999999,16.0,11.0,18.65396672,61.37879671,93.62039175,maize
60,22,1.71,6.2048017,22.6,17.5,26.07470121,59.37147589,85.75692395,maize
57,24,2.4,6.158860284,22.1,12.1,18.92851916,72.80086137,82.34162918,maize
35,22,1.87,6.385684213999999,36.1,10.7,23.30546753,63.24648023,108.7603001,maize
54,19,1.87,6.417820493,37.1,9.2,18.74826712,62.49878458,70.23401597,maize
58,23,1.42,6.381201909,25.9,13.2,19.74213321,59.66263104,65.50861389,maize
57,19,2.04,6.877869005,29.2,8.8,25.73044432,70.74739256,98.73771338,maize
72,77,1.55,7.485996067,22.1,16.5,17.02498456,16.98861173,88.55123143,chickpea
72,84,1.21,6.920251378,21.8,13.9,19.02061277,17.13159126,79.92698081,chickpea
58,85,1.63,5.9969320370000005,27.2,6.1,17.88776475,15.40589717,68.54932919,chickpea
72,85,1.56,6.391173589,19.8,12.8,18.86805647,15.65809214,88.51048983,chickpea
67,77,0.97,7.152811172000001,27.2,9.2,18.36952567,19.56381041,79.26357665,chickpea
73,81,1.02,5.988992796000002,28.6,12.8,20.45078582,15.40312102,92.68373702,chickpea
70,84,1.22,6.231049027999999,32.3,10.5,20.6543203,16.60820843,74.6631118,chickpea
70,84,1.41,7.550808267000001,26.3,9.8,17.3348681,18.74926979,82.61734721,chickpea
62,75,1.54,7.010570541,22.3,10.6,18.17912258,18.90426935,81.84997529,chickpea
74,81,1.81,8.753795334,19.8,3.6,18.01272266,18.30968112,81.98568791,chickpea
66,79,1.88,8.718192847000001,37.7,10.6,20.99373558,19.33470387,93.55280105,chickpea
66,79,0.82,7.976607593,23.4,11.0,19.46233971,15.22538951,74.58565097,chickpea
63,81,1.34,6.515499548999999,19.4,14.0,19.81344531,14.69765308,78.96514709,chickpea
62,85,1.56,8.490127142,17.5,14.4,18.97424756,19.5161216,80.7108745,chickpea
62,77,2.02,6.576415562,25.9,10.8,18.19737048,14.71070537,70.18185181,chickpea
72,84,1.36,6.481783042999999,28.1,5.9,18.72963144,19.18197264,71.58010169,chickpea
56,76,1.45,7.966605025,23.0,18.5,20.99502153,19.8601304,73.50734019,chickpea
71,84,1.35,8.140825437,33.3,8.1,20.28155898,16.39535215,82.52339655,chickpea
78,76,1.58,7.228963452,26.6,9.0,17.48042641,15.7559405,66.96980581,chickpea
70,77,1.45,6.492546046,31.1,10.9,20.88818675,14.32313811,90.46228334,chickpea
80,83,0.89,7.528599957000001,24.9,8.8,17.08498521,16.14565756,71.31007253,chickpea
68,77,1.3,7.701446446,24.6,6.0,20.09340593,15.11279612,85.74904898,chickpea
78,76,0.92,8.519975748,27.4,10.2,17.57212145,14.99927489,89.31050665,chickpea
68,83,0.63,6.620900869,28.9,13.0,19.12065218,18.43475844,85.52950164,chickpea
62,83,1.19,8.104396057999999,18.4,14.9,18.57665902,19.22008229,72.94940441,chickpea
67,78,1.5,6.204090835,36.9,13.5,17.16606398,14.42457525,72.32667516,chickpea
65,80,1.52,6.051091339,24.2,14.9,18.2872007,16.67921616,74.87445574,chickpea
60,84,1.59,7.690962337999999,31.3,10.2,19.03025305,18.66725565,94.70992037,chickpea
77,85,1.27,7.8292111439999985,22.6,14.8,17.141861399999996,17.0662427,83.74606679,chickpea
68,81,1.85,6.761599706,22.7,10.5,17.47809436,17.93253975,78.92060234,chickpea
76,82,1.49,6.654425315,23.8,15.3,20.56601874,14.25803981,83.75937135,chickpea
79,85,0.72,6.129533877,20.9,9.3,17.22385224,15.82069268,76.57580954,chickpea
60,83,0.7,8.829273328,20.2,8.8,19.69141713,19.44225438,91.76071648,chickpea
78,76,1.34,8.621662982,30.6,11.1,17.84851658,19.09172907,76.32470713,chickpea
79,75,1.09,8.204862075,24.7,15.7,18.8202251,16.1074793,89.73119396,chickpea
58,81,1.11,6.18042747,20.4,14.0,17.47500984,16.54314829,93.35034262,chickpea
58,77,1.33,7.978996755,28.2,12.0,18.72649425,17.58406365,81.20176515,chickpea
55,78,1.61,7.863113671,19.8,12.0,18.65580107,16.17772668,81.70769297,chickpea
76,77,1.34,6.967843048,18.9,6.5,18.2356751,19.68538502,83.74879344,chickpea
61,77,1.61,6.206582192999999,23.2,8.4,18.81198127,15.21618225,77.54294240000002,chickpea
60,76,1.37,8.868741443,30.6,4.0,18.65054116,17.80852431,77.92798682,chickpea
55,79,0.95,8.766128654,20.4,17.1,20.36720401,16.89574311,82.2545577,chickpea
76,75,1.48,8.736337905,28.8,8.0,18.38120357,16.63805158,70.52056697,chickpea
68,81,1.06,8.081095263,27.2,12.2,17.17012591,17.30457712,72.78624223,chickpea
66,81,1.56,6.138243973,24.1,13.0,19.37101121,15.77458129,85.24819851,chickpea
64,78,1.45,7.496645259,28.9,14.8,17.92845928,14.27327988,85.37378769,chickpea
60,79,0.91,8.380185271,13.8,15.5,19.45339934,18.23490739,75.6317566,chickpea
76,83,1.76,6.289614016,19.9,5.5,19.12829388,14.92241479,89.61857826,chickpea
60,84,1.43,6.586777189,29.7,18.3,19.1034283,17.26184541,75.49101167,chickpea
68,78,1.55,6.89655198,23.1,8.9,17.48504075,16.96070581,86.05078037,chickpea
79,79,1.4,7.8067476560000015,23.5,8.4,19.40751744,18.98030507,80.25064637,chickpea
74,85,2.01,7.150681303,33.9,16.0,20.18649426,19.63719995,78.26039559,chickpea
55,78,1.12,6.64919573,29.3,14.2,17.30287885,15.15405941,75.57790384,chickpea
77,75,1.53,7.778591617999999,31.2,14.2,17.50361137,15.48083156,72.9446671,chickpea
60,78,1.62,6.358740355,28.2,13.2,18.17234999,14.70085967,90.7760707,chickpea
67,78,0.86,8.255450758,25.4,10.1,17.57445618,16.71826572,77.81891424,chickpea
66,85,1.02,6.456148474,33.4,18.1,20.93175255,18.91295403,78.06910795,chickpea
71,76,1.81,6.613072145,26.3,16.7,19.71098332,17.63879418,85.57925437,chickpea
69,80,1.4,8.165359297,26.0,8.2,19.07937684,17.86754927,69.40619137,chickpea
79,77,1.52,7.64867466,25.3,7.4,18.54988627,16.02542689,76.32565249,chickpea
56,85,1.38,6.545888558,24.6,18.3,18.19903647,17.41333199,80.6405403,chickpea
72,75,1.67,7.1042247970000005,25.1,12.9,18.88852533,14.99451145,80.11133840000002,chickpea
73,85,1.41,7.358099622,24.0,8.2,18.49311205,14.72115044,91.94595352,chickpea
64,82,1.35,6.4740245000000005,21.3,7.6,19.48974337,17.17260319,87.51312796,chickpea
73,79,1.55,7.840339388999999,27.0,5.7,17.25769499,18.74943955,94.00287214,chickpea
75,75,1.36,7.064790365,30.0,15.7,19.62416326,18.71483156,88.4585692,chickpea
59,78,1.71,7.599033472,25.2,9.0,20.67526473,19.85388984,84.78344008,chickpea
69,82,1.07,6.715587232000001,26.7,13.3,20.02381489,16.63294455,68.97806542,chickpea
56,85,1.79,6.81712422,30.5,11.5,20.118744600000007,14.44228303,88.68168643,chickpea
76,80,1.03,7.985417393,23.4,12.8,20.65691793,15.84572566,65.23811143,chickpea
74,83,1.34,7.545258424,22.1,12.9,19.2582557,14.2804191,65.78042032,chickpea
71,79,1.25,7.728998197,21.9,13.1,17.927806,15.85622899,74.63872762,chickpea
73,79,1.28,7.354973451,26.2,13.0,19.16288268,15.83500655,82.69766829,chickpea
70,79,1.06,7.313122235,22.6,17.0,20.26942271,19.96978871,69.64449182,chickpea
57,75,1.05,7.785039076,14.4,5.5,17.09104223,18.25142068,87.27444866,chickpea
79,82,1.41,6.307004922999999,25.2,11.6,17.06579293,17.54024066,70.87150577,chickpea
71,85,1.76,6.4039823160000005,11.6,13.4,20.62767492,14.44008871,92.06630306,chickpea
76,82,1.87,7.599279991,19.4,10.7,20.8248451,17.85057083,79.20509212,chickpea
75,84,1.17,7.217018459,20.5,10.9,19.46210401,18.72831993,68.81405149,chickpea
80,77,1.83,7.561108006,34.2,10.8,17.18248372,16.42891834,72.85017344,chickpea
62,80,1.97,7.489545074,25.2,18.1,17.48911699,16.39055394,79.45758333,chickpea
79,78,1.37,6.609696734,25.7,13.3,17.48395377,14.76014523,65.11365631,chickpea
57,83,2.35,7.476800943,29.3,9.5,19.48316794,17.44534641,80.4986291,chickpea
73,77,1.69,7.325451279,23.2,10.3,19.71359733,18.09665739,73.64476535,chickpea
61,78,1.67,6.489389282,25.2,13.0,19.48649305,16.06240074,81.52842690000001,chickpea
78,79,1.4,7.786366322,26.7,13.5,19.95264829,14.82633099,88.6810311,chickpea
75,81,0.82,6.4084378860000015,28.3,8.6,19.41789736,16.80472243,68.4951189,chickpea
55,82,0.97,8.423873703,24.7,12.3,19.45591848,18.02235902,78.44910564,chickpea
65,76,1.19,8.719960893,29.2,7.3,20.19137759,16.41998269,77.33795356,chickpea
60,85,1.28,7.811997977000001,22.1,11.8,18.8392908,14.74071856,94.78189594,chickpea
61,78,1.48,6.317153205,20.0,14.5,20.71219282,19.83643308,94.03659867,chickpea
67,77,1.42,7.114405288,15.5,5.1,18.99424448,15.9362937,78.69707199,chickpea
76,76,1.4,8.135900726000001,23.9,11.6,19.96837462,15.57324389,69.15759062,chickpea
63,76,1.39,7.714153037999999,26.1,15.3,17.81564548,17.60756635,90.82097601,chickpea
65,82,1.07,7.103798069,19.1,8.2,20.71424384,15.27824066,76.77888672,chickpea
56,78,1.49,8.861479668,31.2,10.5,17.34150229,18.75626255,67.9545435,chickpea
65,78,0.65,7.861128148,16.5,9.1,17.43732714,14.33847406,73.0926704,chickpea
56,83,1.23,7.4526709,23.0,12.1,18.89780215,19.76182946,69.09512477,chickpea
58,75,1.31,7.168096055,30.2,9.6,18.59190771,14.77959596,89.60982451,chickpea
69,82,1.14,7.26311855,27.4,6.6,18.31561493,15.36143547,81.78710463,chickpea
60,25,1.52,5.68597166,29.5,12.5,17.13692774,20.59541693,128.256862,kidneybeans
70,16,1.88,5.759237003,25.9,20.2,19.63474332,18.90705639,106.3598183,kidneybeans
55,22,1.33,5.873171894,22.6,13.2,22.91350245,21.33953114,109.225556,kidneybeans
64,16,1.08,5.926676985,25.2,14.4,16.43340342,24.24045875,140.3717815,kidneybeans
61,20,1.57,5.95561668,25.9,16.5,22.13974653,23.02251117,76.64128258,kidneybeans
65,22,1.75,5.9499490810000015,36.2,14.9,17.84806561,18.77621951,143.09841709999995,kidneybeans
57,21,1.81,5.789214288999999,19.6,11.9,19.88394011,20.31564139,60.91974792,kidneybeans
80,18,1.14,5.581021521,29.6,11.0,19.32509638,23.3334788,104.7783947,kidneybeans
59,17,1.35,5.689858133,38.4,12.4,18.416700100000003,23.42829938,132.9801054,kidneybeans
59,22,1.52,5.794158503999999,27.8,13.3,21.81167649,23.20591245,130.0608093,kidneybeans
58,24,1.4,5.748190462999999,31.2,17.1,19.72702528,18.28173015,143.7630894,kidneybeans
57,19,1.89,5.566522896,30.5,15.1,17.15432954,19.87070659,87.99669731,kidneybeans
80,17,1.05,5.809419584,28.6,16.3,19.62207826,18.67170854,144.1567454,kidneybeans
60,22,1.66,5.887263027,30.1,16.1,21.63149148,21.17919701,134.3649948,kidneybeans
78,23,1.55,5.99812453,35.0,14.0,16.06522754,18.72479695,88.06638775,kidneybeans
77,25,1.29,5.792744849,30.7,3.0,20.61162204,24.36314135,69.63833855,kidneybeans
79,17,1.51,5.912289889,10.8,7.0,21.42451099,20.39659714,116.5206923,kidneybeans
80,15,1.54,5.7883869510000014,31.4,8.9,19.07096165,21.21092266,86.21917578,kidneybeans
55,23,1.19,5.728233081,35.9,11.3,21.18853178,19.63438599,137.1948633,kidneybeans
65,20,2.07,5.833940084,29.0,14.4,23.0429097,22.42610972,108.3684316,kidneybeans
78,16,1.89,5.967533236,29.7,9.5,20.65375833,23.10538637,67.71768947,kidneybeans
65,25,1.37,5.6250964460000015,28.8,8.2,18.09551014,18.29318436,144.7902323,kidneybeans
70,19,1.32,5.515615023,25.3,16.2,18.23775702,21.07643273,69.44951585,kidneybeans
64,22,1.41,5.954665349,27.6,12.6,17.48189735,18.8251973,121.9401369,kidneybeans
71,17,1.47,5.74644777,32.1,9.5,19.9191786,21.47324158,82.68554379,kidneybeans
79,20,1.09,5.877347515,34.5,11.6,20.27514686,23.2353604,139.7521543,kidneybeans
63,17,0.97,5.979973965,31.2,14.6,15.77370214,19.2303162,108.3441414,kidneybeans
80,22,0.94,5.635993966,30.1,15.6,16.71170642,19.17651433,96.77285817,kidneybeans
60,22,1.51,5.635231778,32.2,8.1,17.66148158,18.15302753,100.6711761,kidneybeans
75,21,1.5,5.679224346,27.5,11.3,18.50692825,23.61670065,87.05132890000002,kidneybeans
77,23,1.66,5.670062975,36.4,19.3,24.51324787,20.81527638,64.19497947,kidneybeans
72,18,1.79,5.724242065,28.5,14.2,18.87614998,24.54038287,105.4120514,kidneybeans
73,20,1.63,5.811314232000001,29.6,13.5,21.59343016,20.31871249,61.13872036,kidneybeans
77,17,1.65,5.783425416,28.7,10.4,20.12373284,24.45202552,106.158201,kidneybeans
62,23,1.28,5.607808432000001,32.2,13.0,15.43546065,18.37477907,139.0302034,kidneybeans
59,22,1.5,5.946999529,32.4,11.7,22.64236876,21.59396123,122.3886015,kidneybeans
59,19,1.63,5.852046999,30.9,8.7,21.98560799,24.87304788,129.5650601,kidneybeans
62,22,1.83,5.824090984,26.5,7.2,20.53052663,18.09224048,120.4509288,kidneybeans
63,20,1.09,5.502999119,23.9,13.2,15.78601387,21.14544088,95.17028129,kidneybeans
79,23,1.32,5.821649914,27.3,15.2,19.6365349,19.68751084,96.65888933,kidneybeans
72,17,1.5,5.711439256,30.6,14.4,20.57341244,19.7520218,87.87869161,kidneybeans
64,15,1.58,5.514927264,18.5,11.7,20.16080524,24.84207559,138.2362122,kidneybeans
66,23,0.75,5.99616119,29.2,13.0,21.53989176,24.25386207,120.6913038,kidneybeans
57,18,1.71,5.695422862999999,34.9,13.7,15.53834801,23.75560241,107.3850593,kidneybeans
56,22,1.25,5.833010957999999,31.4,11.2,19.91853092,20.70099804,108.6434544,kidneybeans
77,24,1.4,5.568456899,33.9,11.0,20.76952209,18.93146941,109.0193712,kidneybeans
65,15,1.64,5.645435626,32.4,9.7,23.46168338,23.22197648,95.84253438,kidneybeans
72,21,1.69,5.821194486,32.5,13.4,24.32116642,21.0278674,60.27552528,kidneybeans
60,23,1.17,5.659254981,24.7,11.1,20.12574053,24.96969858,100.0497183,kidneybeans
80,19,1.56,5.945465949,24.2,14.5,21.80619564,18.57086554,125.0972687,kidneybeans
72,20,1.03,5.9511774520000005,28.0,13.4,19.52226241,24.92607153,113.334026,kidneybeans
67,24,2.13,5.520880013999999,22.1,18.2,17.00067625,19.90790546,103.2926407,kidneybeans
69,23,1.44,5.578410206,31.1,13.4,16.78791503,24.96881755,75.45328039,kidneybeans
77,25,1.53,5.608165195,28.2,18.1,24.84906168,22.89464642,62.21292186,kidneybeans
62,19,1.26,5.609435127999999,34.7,10.7,16.51783455,20.4555596,98.77794225,kidneybeans
71,17,1.38,5.509295379,23.6,14.6,18.15300153,19.38602098,107.6907964,kidneybeans
79,25,1.83,5.902033406,28.6,12.3,23.18864385,22.3104551,63.38208822,kidneybeans
59,18,1.07,5.744117663,27.9,7.4,23.38002569,21.98879437,87.66898664,kidneybeans
63,17,1.13,5.717143397,30.1,17.6,18.358923,19.37703396,138.414764,kidneybeans
56,20,2.24,5.542690119,26.1,18.0,19.25975367,20.51346956,94.9533526,kidneybeans
63,24,1.47,5.858617867,28.2,14.5,22.95458237,24.03553105,107.7315386,kidneybeans
67,22,1.42,5.618844277000001,29.6,11.6,20.120043,22.89845607,104.6252153,kidneybeans
71,24,0.98,5.6066203460000015,21.3,15.3,21.14011423,22.7182355,141.6056722,kidneybeans
74,15,1.32,5.582178402,26.0,13.0,24.92360104,18.22590825,62.7089169,kidneybeans
76,24,1.64,5.56503533,29.9,10.7,15.33042636,24.91506728,135.3315583,kidneybeans
66,17,1.77,5.889614577000001,36.9,14.7,18.81097271,21.27833035,125.084915,kidneybeans
69,15,1.69,5.934136378,35.2,17.0,23.44260668,22.77255917,107.4137246,kidneybeans
65,16,1.58,5.683548308,32.0,14.8,22.8352024,18.97267518,63.59276673,kidneybeans
74,15,1.07,5.70836603,32.5,8.3,24.9035819,22.27512704,146.4727237,kidneybeans
67,25,1.16,5.948164454,35.5,15.9,23.78709569,24.35679348,119.6404412,kidneybeans
56,25,1.85,5.774755143999999,27.6,9.0,22.05592283,19.60379304,126.7265372,kidneybeans
59,15,1.33,5.97229163,29.5,13.3,18.87492997,20.18238348,134.1811718,kidneybeans
61,21,1.74,5.532100554,27.2,14.2,18.62328774,23.02410338,135.33780330000002,kidneybeans
80,20,1.1,5.669560726,31.3,13.0,23.00884744,18.86880997,100.118612,kidneybeans
61,19,1.18,5.655726817000001,27.8,12.4,19.33162606,24.13995025,68.51253427,kidneybeans
74,21,1.32,5.591704013999999,37.9,12.7,16.24469193,21.35793891,66.97053257,kidneybeans
69,22,1.33,5.932323085,18.5,9.9,17.91652287,24.90814655,69.14681022,kidneybeans
75,18,1.32,5.824208308999999,25.6,17.8,15.46789263,21.43780702,88.88796102,kidneybeans
68,20,1.35,5.86442953,35.4,13.2,17.06104474,23.77201471,81.83420522,kidneybeans
65,16,1.41,5.866744372,28.6,13.0,21.32776028,18.48522915,109.1013261,kidneybeans
79,15,1.92,5.706198621,17.4,6.0,23.90910104,20.74619325,81.60211243,kidneybeans
78,22,1.24,5.940546818,29.1,15.4,23.89756791,22.74378977,112.6616435,kidneybeans
55,22,1.54,5.916779289,27.1,16.6,22.98666928,20.57940608,143.85849380000005,kidneybeans
59,15,1.71,5.779090476,29.9,16.4,21.35135729,22.91244883,146.4548645,kidneybeans
68,23,1.48,5.82738029,26.2,15.4,24.1638445,19.27907819,116.7324324,kidneybeans
68,19,1.43,5.514234138,29.0,18.2,24.62835037,18.18325169,149.7441028,kidneybeans
64,17,0.66,5.662699104,21.9,8.8,21.02213209,24.93896255,124.6118471,kidneybeans
69,19,1.29,5.86390397,27.7,7.7,17.30844532,20.01730914,115.199245,kidneybeans
67,22,1.1,5.624690247999999,24.7,21.6,23.82576704,24.75485098,84.64143632,kidneybeans
69,20,1.94,5.591560999,26.9,11.7,19.30607278,23.96362799,129.3449326,kidneybeans
73,22,1.06,5.976312537999999,19.5,12.6,16.03768615,22.33195853,130.3900798,kidneybeans
78,20,1.1,5.669236258,28.6,7.4,19.18572809,20.83398341,80.15293435,kidneybeans
72,23,1.17,5.961934481,29.7,14.3,19.92889503,21.79992115,64.02640797,kidneybeans
67,15,1.53,5.690065688,22.4,16.0,19.56376468,24.67385131,139.2921004,kidneybeans
56,18,1.16,5.698371311,32.2,13.0,18.31357543,24.32991649,76.14153904,kidneybeans
65,18,0.99,5.59503163,27.4,14.3,20.10993761,23.22323766,73.36386477,kidneybeans
63,16,1.58,5.5259045260000015,28.3,18.4,23.60506572,21.90539577,100.5978728,kidneybeans
70,25,1.7,5.819403771,27.7,15.6,19.73136909,24.89487354,84.06354115,kidneybeans
63,19,1.98,5.562201934,38.8,8.7,20.93409877,21.1893007,133.1914419,kidneybeans
60,24,1.12,5.630664753,36.4,9.3,18.78226261,20.24768314,104.2570723,kidneybeans
72,24,1.1,6.03160778,24.6,14.5,36.51268371,57.92887167,122.6539694,pigeonpeas
59,23,1.47,5.269084669,23.7,10.6,36.89163721,62.73178224,163.7266551,pigeonpeas
73,23,1.29,5.985792703,22.6,21.0,29.23540524,59.38967583,103.3301803,pigeonpeas
57,24,1.59,6.09186275,31.4,11.3,27.33534897,43.35795962,142.33036769999995,pigeonpeas
79,18,1.44,5.624731337999999,23.4,3.7,21.0643684,55.46985938,184.6226709,pigeonpeas
75,25,1.09,6.446091759,17.9,5.1,30.33276599,42.35249879,149.299952,pigeonpeas
70,20,1.14,5.623490042999999,33.6,12.8,31.80130272,45.03186173,147.03614419999997,pigeonpeas
55,19,1.89,5.864623352000001,29.1,15.7,33.18184225,38.23184742,198.8298806,pigeonpeas
58,20,1.23,5.761702519,29.6,15.6,29.38538562,63.47742011,90.05422663,pigeonpeas
61,21,1.33,4.696518678,29.8,15.0,30.27374995,67.38680755,127.7767134,pigeonpeas
58,24,1.34,5.269504214,21.4,8.9,35.45790488,68.75810535,108.6333046,pigeonpeas
56,17,1.53,7.445444882999999,28.6,10.2,33.80020039,40.03262418,176.6165894,pigeonpeas
72,17,1.51,5.833031707999999,29.9,15.2,28.69180475,49.47225353,96.36222901,pigeonpeas
80,20,1.97,7.3393209289999986,33.4,9.5,31.24021696,56.67369054,122.0146733,pigeonpeas
72,17,2.01,6.347929353,24.3,16.7,28.98039357,57.23265151,120.7435664,pigeonpeas
62,19,1.52,4.697750704,24.9,6.7,27.32198928,34.13737127,96.51524028,pigeonpeas
58,16,1.45,4.962661422,19.2,16.4,21.47607807,38.80023714,180.382234,pigeonpeas
68,16,1.96,4.964887857,23.0,14.1,18.31910448,34.69776639,107.4721605,pigeonpeas
67,24,1.28,5.642813116,23.9,15.7,36.97794384,37.73992903,161.48129630000005,pigeonpeas
70,20,1.49,5.6093956,35.7,11.3,24.80467592,40.1242747,121.5639121,pigeonpeas
63,19,1.8,4.681576043,27.5,15.8,19.3479443,55.96805489,194.5921148,pigeonpeas
76,25,1.37,5.70951224,26.8,12.6,28.88302142,50.12323801,179.2155874,pigeonpeas
55,19,1.25,6.413543781,30.3,15.3,19.54314136,47.19188279,192.4372194,pigeonpeas
75,21,1.68,6.007508163,34.7,18.1,24.7741949,50.54621094,114.2821387,pigeonpeas
71,24,1.39,4.946369874,28.9,10.8,18.33124824,38.40975482,139.64833169999997,pigeonpeas
70,21,1.51,5.517208078,24.0,18.7,19.14729038,45.3733757,132.7748215,pigeonpeas
72,21,1.61,5.902103172,25.9,17.2,28.23416057,49.4421345,186.5008581,pigeonpeas
66,21,0.85,5.719889876,16.9,15.8,30.11812084,34.13307843,157.0858232,pigeonpeas
56,17,1.52,4.548202098,28.3,8.4,33.4126864,35.42910045,139.6702541,pigeonpeas
76,19,1.49,6.6695294160000005,37.0,15.9,24.18553163,46.68746847,177.3377996,pigeonpeas
69,19,1.55,4.7509292180000005,24.8,11.6,26.88630675,41.69617915,94.46748008,pigeonpeas
73,21,0.86,4.946263888,28.3,16.0,31.33170829,57.97429171,161.7820226,pigeonpeas
61,18,1.03,5.266227032,23.7,8.9,33.30711818,67.07780816,108.5090168,pigeonpeas
71,23,1.21,7.10959773,27.3,5.7,23.45379018,46.48714759,150.87122019999995,pigeonpeas
61,21,1.68,5.617008201,30.8,12.1,34.53823889,39.04468913,168.5948318,pigeonpeas
73,18,0.76,5.632353113,22.0,17.3,19.50112224,34.51086611,197.3752649,pigeonpeas
72,22,0.67,4.674941549,25.3,8.9,28.76794904,37.57792132,91.72084869,pigeonpeas
64,16,1.74,7.161797643,23.6,14.4,30.97758716,32.24914235,180.716828,pigeonpeas
74,19,1.67,6.624966131,36.2,12.3,18.39759147,36.82639309,93.12330644,pigeonpeas
60,15,1.61,5.004074623999999,19.6,17.2,35.09357419,30.98685456,116.9106908,pigeonpeas
66,15,1.27,6.3458060110000005,24.2,12.9,34.93174223,30.40046769,159.2649827,pigeonpeas
59,18,1.03,6.216814453,28.1,16.4,29.50523036,35.72032498,187.8961851,pigeonpeas
67,18,1.59,5.921666758,19.1,12.6,34.51934775,47.52980027,129.0064612,pigeonpeas
76,17,1.72,6.012719118,17.6,9.2,28.43430726,52.10010827,147.0414824,pigeonpeas
73,19,1.76,4.684079249,28.4,14.4,18.41645629,34.80541039,163.27474730000003,pigeonpeas
75,25,2.06,7.077170002000001,29.3,15.3,31.07508973,47.19847683,91.31256412,pigeonpeas
70,20,2.31,6.208843215,25.9,10.2,20.89342749,46.24856523,195.5697875,pigeonpeas
59,22,1.63,7.05181629,29.2,11.2,30.90607799,52.79913039,170.99198280000005,pigeonpeas
62,23,1.19,4.722222454,38.5,14.1,27.9348279,66.45457122,145.3728801,pigeonpeas
67,25,1.28,6.418062652000001,31.6,12.6,35.95176642,36.52780776,136.0456753,pigeonpeas
66,23,1.42,4.803564468,29.8,8.5,19.54317155,56.92831399,173.1686574,pigeonpeas
73,20,1.61,4.608695247,36.6,14.6,19.63736208,32.31528909,176.4134092,pigeonpeas
67,18,1.39,5.611510977000001,24.5,11.6,31.2192752,56.46868874,129.20286529999998,pigeonpeas
55,18,1.42,7.322097972000001,25.1,16.2,33.50876355,45.70976142,126.6738117,pigeonpeas
56,24,0.98,5.023115055,31.3,11.7,24.80710166,45.01110015,188.4928637,pigeonpeas
77,17,1.61,5.617122801,21.4,17.7,36.20970524,31.94550613,191.0658531,pigeonpeas
73,20,1.87,5.391560417999999,31.8,7.7,30.50420876,35.48885969,162.59277230000004,pigeonpeas
63,23,1.75,5.906596905,29.0,7.4,26.01630259,49.94704718,160.33374469999995,pigeonpeas
77,22,1.49,6.574209678,28.8,14.9,31.48469278,35.6395615,100.546816,pigeonpeas
64,20,1.55,4.807776748999999,28.5,18.2,33.15122581,32.45974539,105.03802749999998,pigeonpeas
75,24,1.87,4.760038038999999,12.7,11.9,23.50222822,51.29019509,192.3023991,pigeonpeas
77,23,1.45,5.180271502,18.2,13.3,34.87248659,38.83786012,148.25027859999997,pigeonpeas
80,25,1.87,4.895927306,21.6,14.2,28.09269012,44.93322042,197.1144011,pigeonpeas
75,24,1.23,6.436160044,23.6,18.2,24.54757829,57.3414485,118.3606557,pigeonpeas
80,21,1.34,7.066087261,29.3,6.5,33.64769646,48.41490082,100.4673278,pigeonpeas
77,18,2.06,6.655918077999999,30.0,12.4,20.5591255,60.54880693,191.0895109,pigeonpeas
78,25,1.67,5.982854522999999,20.0,17.1,19.95991719,59.33157782,195.787103,pigeonpeas
60,21,1.4,5.457871272999999,26.0,11.3,28.87667593,62.4901206,182.2688175,pigeonpeas
74,16,1.33,4.759490199,30.5,13.9,36.04353699,43.61444121,159.8938645,pigeonpeas
57,23,1.7,7.342409555,27.0,14.8,23.6734328,47.2879691,141.12507219999995,pigeonpeas
60,19,1.37,4.820788186000001,38.1,7.5,25.74679443,40.7192594,100.7791633,pigeonpeas
77,19,1.88,6.242052013,33.8,10.0,31.08564994,66.68832981,175.9303271,pigeonpeas
68,20,2.17,5.001038726,32.0,16.4,18.72987676,61.33186249,139.8710041,pigeonpeas
73,21,1.51,5.560224582999999,25.9,12.3,29.50304807,63.46513414,189.5208915,pigeonpeas
59,24,1.62,4.747352458,34.0,13.6,20.43517772,39.37252634,137.22796619999997,pigeonpeas
72,15,1.23,7.313517308,31.1,16.2,36.00415838,56.01334416,134.8596466,pigeonpeas
56,23,1.7,5.661826398,30.7,12.1,31.46846241,35.39454002,174.5723999,pigeonpeas
70,21,1.22,4.672437054,22.7,7.3,36.30049702,56.03021253,101.6073988,pigeonpeas
74,15,1.57,6.471862118,26.6,11.5,29.49096726,67.10604388,153.2504506,pigeonpeas
67,18,0.61,5.384762927000001,20.8,16.9,30.5753044,34.75591197,177.5764304,pigeonpeas
74,20,1.3,5.8598134160000015,28.8,8.1,24.69487673,59.96669215,91.95792434,pigeonpeas
72,24,1.93,6.962386495,26.3,14.0,23.17409556,36.67847052,162.5931264,pigeonpeas
68,20,2.2,6.12166671,34.6,11.9,19.04380471,33.10695144,155.3705624,pigeonpeas
57,19,1.32,6.421748487,25.4,14.8,29.32379604,45.93248374,165.4113371,pigeonpeas
62,16,1.47,4.828936119,25.0,18.1,34.6455408,54.32342534,180.9009998,pigeonpeas
55,23,1.47,6.98571967,38.5,13.3,21.9989826,56.31006755,136.82743119999998,pigeonpeas
77,21,2.04,4.603563116,28.8,16.4,22.99774444,60.24218572,159.689339,pigeonpeas
75,20,1.28,6.979540061,22.7,14.6,30.55992394,35.29006485,178.8998611,pigeonpeas
71,24,1.8,7.064973419,27.2,8.5,31.46417866,48.17631461,165.40535400000005,pigeonpeas
64,22,1.09,5.16516459,19.9,6.8,25.95058595,40.58227261,109.1821183,pigeonpeas
55,16,1.53,5.111488821,32.6,13.0,21.01142393,69.69141302,185.2039114,pigeonpeas
69,19,0.82,5.374358869,26.0,12.4,19.25100056,47.70351758,149.063196,pigeonpeas
67,19,2.13,5.671419084,19.7,11.6,19.24462755,50.54495302,180.6465282,pigeonpeas
74,17,2.01,5.667419697000001,29.2,15.0,22.47253208,62.56532471,96.74706956,pigeonpeas
64,18,1.53,6.07938452,28.6,15.7,36.75087487,58.25799145,124.6028153,pigeonpeas
71,17,1.26,6.931924962999999,31.4,8.2,29.89286629,66.35375127,198.1403003,pigeonpeas
72,22,1.6,6.842744374,27.9,10.8,29.37735586,44.82294584,172.40168,pigeonpeas
60,22,1.49,6.876572502999999,23.9,9.2,29.65052947,42.89833235,186.9226052,pigeonpeas
71,18,1.39,6.151029296,21.5,14.1,19.54284889,66.34777265,173.11069819999997,pigeonpeas
61,24,1.15,4.567446499,30.6,8.9,20.04611791,48.93905624,122.4564203,pigeonpeas
49,18,1.13,3.692863601,16.9,13.6,27.91095209,64.70930606,32.67891866,mothbeans
59,23,1.4,4.371745575,18.9,10.7,27.32220619,51.27868781,36.5037914,mothbeans
58,25,0.67,8.399135957999999,19.8,16.0,28.66024187,59.3189118,36.92629678,mothbeans
43,18,1.34,8.840656256,20.3,10.9,29.02955344,61.09387478,72.98016599,mothbeans
54,16,1.57,8.153022903,10.0,3.1,27.78031515,54.65030015,32.05025323,mothbeans
43,22,1.36,5.270749441,16.4,13.6,31.99928579,54.1077461,71.6266696,mothbeans
55,15,1.21,8.050304395,10.3,4.6,27.33580911,55.27755933,73.44775287,mothbeans
35,20,0.48,9.679240873,18.8,8.3,28.92952635,53.57014709,66.35634104,mothbeans
57,24,1.17,6.974978386,25.4,13.2,27.65472156,58.59986279,36.94255012,mothbeans
53,24,1.25,7.39389918,9.3,11.2,28.52396666,55.77264351,61.32935611,mothbeans
49,17,1.47,6.68727523,21.5,12.4,31.02215872,45.89239456,53.56783314,mothbeans
56,25,0.95,7.88118645,30.0,5.6,25.74095321,45.38497051,67.43488235,mothbeans
43,23,1.52,5.875333778,11.6,5.7,31.70447482,56.85420099,44.94317432,mothbeans
38,22,1.75,8.202706015,18.7,11.9,24.47876451,58.51663927,34.96933295,mothbeans
45,21,1.37,8.985348193,19.5,13.8,31.46511256,51.79939437,74.44330654,mothbeans
57,20,1.23,5.87707519,11.1,6.2,25.60973447,50.7330069,53.39249517,mothbeans
35,23,1.47,7.707595055,22.0,3.5,30.30260453,47.18283631,68.04039813,mothbeans
55,25,1.08,4.524171562,17.1,7.7,28.17489437,43.6672299,45.78172762,mothbeans
45,22,0.89,9.926212291,16.9,6.4,25.50634557,44.8302551,74.32635105,mothbeans
58,25,1.53,6.455592696,24.0,8.5,31.12896766,43.58788762,32.76742894,mothbeans
44,17,1.18,8.016210782,20.7,6.1,26.34043268,55.59160391,35.1051197,mothbeans
49,22,0.96,3.71105919,15.3,6.8,28.23494706,61.5620517,72.66666443,mothbeans
51,19,0.95,5.49091063,20.8,11.6,27.04453473,49.32609633,48.25207759,mothbeans
48,15,0.82,9.254089438,20.1,8.2,25.16125354,55.25435777,40.89732789,mothbeans
50,19,1.4,6.005242945,19.9,3.9,27.3179125,51.66921088,32.55919573,mothbeans
56,20,0.92,7.437078236,20.1,12.6,25.4123765,49.66474269,31.87416982,mothbeans
60,18,0.64,3.808429173,21.7,13.2,31.21629982,46.01868196,53.1205277,mothbeans
37,21,1.25,5.818219385,22.8,6.5,30.573999,58.22686794,62.74803826,mothbeans
43,24,1.26,4.52363558,11.9,3.0,25.42517036,53.22082660000001,46.19374559,mothbeans
43,24,1.58,3.510404312,15.1,7.4,27.09400578,43.65305437,41.53749535,mothbeans
44,24,0.88,6.030447288,13.0,8.4,24.30935081,56.32938343,58.99536268,mothbeans
43,22,1.08,5.498340807999999,21.9,10.6,30.06142622,45.90067655,41.0550915,mothbeans
45,15,1.4,4.61136408,21.2,14.5,28.09568993,60.98353839999999,33.84110759,mothbeans
56,23,0.98,5.545219232000001,19.7,13.0,26.33908791,40.00933429,55.50429227,mothbeans
57,16,1.68,8.292875733999999,12.9,7.9,28.61409059,57.14218792,57.02891698,mothbeans
45,19,1.71,3.828031463,22.5,9.7,28.70012137,44.359648,44.11622138,mothbeans
36,22,1.23,8.869532817,18.1,10.0,24.21610338,59.79236306,42.24783476,mothbeans
57,20,1.22,3.793575185,19.8,9.3,28.50677929,45.20094476,66.1761456,mothbeans
47,20,1.1,4.193189124,22.7,19.2,25.97948991,64.95585424,72.19245835,mothbeans
49,16,0.77,7.661537347999999,21.6,6.3,30.88482722,41.36561835,55.053805,mothbeans
51,24,1.47,9.392694614,20.2,11.7,25.5042419,61.66852372,65.07981523,mothbeans
44,21,1.65,4.516154055,21.0,13.0,25.12528913,51.33189406,38.48678973,mothbeans
38,20,0.6,5.794289715,28.0,10.3,27.10508014,63.56791363,62.20279647,mothbeans
57,20,1.62,7.354286985,13.9,6.1,31.1006247,44.82069159,70.79934452,mothbeans
48,18,1.34,5.993513566,19.9,10.0,26.45707778,56.40226277,64.16167699,mothbeans
44,20,1.63,8.620107545,11.2,12.4,30.04132304,63.56222995,31.83192392,mothbeans
51,18,1.3,9.45949344,19.0,3.9,27.77799528,54.82130787,50.28438729,mothbeans
44,24,1.45,8.0344125,8.0,11.3,30.99256944,43.02151392,58.27600682,mothbeans
35,18,0.85,5.414492777,20.3,8.6,26.4908332,47.36534833,36.99362831,mothbeans
60,23,1.65,6.2760043360000015,19.1,6.6,31.96987867,57.17377029,64.25520357,mothbeans
58,21,1.15,9.160691747,26.4,10.9,25.36140526,46.82652785,55.60523179,mothbeans
42,22,1.18,7.887658711,18.8,3.5,25.54249137,56.96640758,48.46797044,mothbeans
39,21,1.42,8.183844843,11.2,11.6,28.99319096,62.85948245,70.4713043,mothbeans
36,22,1.34,9.072011412,31.9,5.1,29.34317422,60.50320928,34.03335472,mothbeans
41,16,1.27,7.702287236,29.0,13.2,28.63618921,61.39451307,68.54877876,mothbeans
41,15,1.09,5.88509677,21.1,9.0,24.83206631,44.17085032,52.0810886,mothbeans
36,22,1.38,6.16496284,16.5,8.7,25.44689075,58.55363573,57.04826619,mothbeans
46,15,0.82,3.504752314,20.7,10.6,31.01274943,62.40392519,63.77192383,mothbeans
39,20,1.23,7.388007482999999,11.9,12.5,27.06179658,52.3003173,60.74583498,mothbeans
57,25,1.41,8.340398059,16.4,8.0,27.0956288,42.26206161,71.12710390000002,mothbeans
55,24,0.85,8.66077954,14.9,7.1,28.56800579,57.30636014,64.53027638,mothbeans
51,17,1.67,3.558822825,16.8,11.2,28.79929247,49.84213387,40.85534718,mothbeans
56,17,1.14,5.9565851,21.2,8.5,27.94293692,45.41393636,69.66289997,mothbeans
57,17,1.56,9.416003106,17.3,3.5,30.47757686,61.58245338,61.86633917,mothbeans
36,16,0.89,8.18422855,17.3,4.6,30.58139475,50.77148138,64.58559639,mothbeans
41,19,1.42,5.131779302,17.7,17.3,26.85911286,41.81420849,44.13827124,mothbeans
38,18,0.78,6.294130312999999,21.0,5.1,26.31051759,61.18749126,35.73403813,mothbeans
37,24,1.15,7.991902443,20.7,3.0,28.77833449,44.2252605,33.95825723,mothbeans
35,20,1.37,8.923095695,29.5,7.4,28.90245417,43.35365671,71.90018566,mothbeans
45,20,1.38,6.878498176,25.1,8.4,29.37687468,57.69622912,38.34303462,mothbeans
58,19,1.13,5.243634848999999,8.6,11.2,24.17093241,58.25204566,59.18953429,mothbeans
56,23,1.27,7.550090941,14.9,9.4,26.65333029,59.79023382,36.91852635,mothbeans
56,17,1.12,8.709291687999999,17.4,11.1,28.19912143,53.50567601,52.13580529,mothbeans
51,25,0.9,7.792508067999999,25.2,4.1,28.76488954,52.62741529,55.21606732,mothbeans
42,20,1.1,8.055908857999999,29.6,12.9,29.3499706,61.25353851,40.82840673,mothbeans
59,20,1.33,4.397698806,15.3,7.1,28.00937423,52.60950014,36.01203025,mothbeans
45,19,1.32,5.9523849570000005,20.2,8.7,26.85851927,48.8246387,34.7426459,mothbeans
40,17,1.29,8.532078732999999,18.9,4.0,31.2123945,40.92604945,53.78769958,mothbeans
45,23,1.15,7.224193642,24.6,4.2,24.20422636,61.43378674,46.0203959,mothbeans
52,23,1.24,4.931890506,15.9,9.4,29.98835437,49.60384796,52.92929636,mothbeans
45,16,1.18,4.626212446,27.4,10.8,29.93964907,54.61813464,45.43669946,mothbeans
54,24,0.91,5.026003659,23.4,6.3,31.2119298,41.55934359,68.80141783,mothbeans
51,25,1.13,3.5253661,21.6,7.3,26.80474415,48.23991436,43.87801983,mothbeans
41,21,1.57,8.86979671,16.1,6.8,31.49398069,62.84916863,64.56807592,mothbeans
50,22,1.1,9.406887533,17.2,12.8,30.99694676,46.42693735,38.31597852,mothbeans
40,23,1.49,5.80428611,28.5,16.9,29.61253065,63.04749127,50.1978269,mothbeans
54,15,0.99,8.35495812,20.4,4.9,29.97604322,57.03184356,44.86052932,mothbeans
55,22,1.07,8.634929739,16.8,5.3,30.88883074,52.62696801,55.51932414,mothbeans
59,25,0.98,7.699200949,19.3,4.7,30.39321309,60.16299493,35.37493212,mothbeans
45,18,1.55,5.261285926,15.4,18.8,30.43683729,55.20522037,30.92014047,mothbeans
38,19,1.16,9.112771682,20.4,4.5,25.32688786,63.18180319,32.71129281,mothbeans
58,17,1.81,4.605700542,25.6,10.0,30.53684308,59.96664731,33.48919022,mothbeans
55,18,0.9,7.115994051,21.1,5.1,30.38257873,40.5926071,47.95406479,mothbeans
36,23,1.74,7.214078621,24.0,9.3,24.01825377,53.76623369,35.03404425,mothbeans
52,15,0.57,9.93509073,15.1,11.4,28.69841277,61.14754363,65.67591794,mothbeans
59,22,1.66,8.914074888,25.5,3.4,29.33743412,49.00323081,42.44054315,mothbeans
51,16,1.39,8.639586199,25.1,3.2,27.96583691,61.34900107,70.10472076,mothbeans
47,17,1.3,8.621514073,21.4,7.9,24.86803974,48.27531965,63.9187654,mothbeans
51,17,0.74,5.838508699,18.4,7.9,25.87682261,45.96341933,38.53254678,mothbeans
51,21,1.26,3.532008668,17.2,7.4,31.01963639,49.97675220000001,32.81296548,mothbeans
55,20,1.59,7.18530147,25.2,9.9,27.43329405,87.80507732,54.73367631,mungbean
54,20,1.48,7.034214276,23.5,4.3,28.3340432,80.77275974,38.7976407,mungbean
55,20,1.74,6.635968697999999,23.0,11.1,27.01470397,84.34262707,55.296354,mungbean
56,16,1.89,6.828187498999998,13.2,4.1,28.17432665,81.04554836,36.35720652,mungbean
56,17,1.68,6.89077995,23.0,11.6,29.87888063,87.32761241,44.75215854,mungbean
57,24,1.46,7.165121108999998,26.3,14.3,29.89232778,89.71503316,42.99498978,mungbean
59,23,1.75,6.935804256,21.7,3.6,28.56212158,83.24855855,56.48265193,mungbean
51,25,1.83,7.196774236,29.1,13.3,27.53592929,85.57019009999998,53.01899249,mungbean
49,18,1.34,6.990095452,26.4,14.0,29.68361658,87.93598094,41.82490236,mungbean
39,20,2.07,7.064782137999999,18.6,10.2,28.14448546,82.1193047,46.75690086,mungbean
35,22,1.82,7.156563094,23.3,7.1,29.53037621,86.73346018,59.87232071,mungbean
52,17,1.72,6.364967184,25.9,11.3,27.88352946,86.45147631,44.64407105,mungbean
42,23,1.67,6.428054409,21.7,16.2,28.22471276,82.35916228,44.01206619,mungbean
46,16,1.33,6.664187809,20.1,11.0,29.008124,84.96089355,45.91011391,mungbean
38,21,1.86,6.637677489,15.5,6.4,29.75538903,86.45193297,37.54602719,mungbean
60,25,0.99,6.79385576,23.2,7.1,29.78416743,85.16906976,40.77872823,mungbean
53,22,1.48,6.852884642999999,26.3,8.8,27.8640132,80.4513142,42.83053902,mungbean
58,15,1.67,7.121571293,21.5,13.4,27.11026483,84.96771717,51.52617423,mungbean
35,24,1.74,6.883308033,19.5,10.4,27.11030369,83.64274107,49.11964582,mungbean
53,17,1.91,6.421271178,25.0,6.1,28.95451232,89.07866095,57.65901369,mungbean
47,20,1.8,6.54450214,17.6,15.9,29.21780035,87.93724219,43.1386631,mungbean
53,16,1.91,6.452006451,24.4,11.6,28.7420098,85.81675947,48.54598575,mungbean
45,23,1.54,6.489259136,26.4,9.7,29.65021184,80.29868321,56.76278363,mungbean
37,21,1.67,6.713410626,27.4,9.0,27.23924995,86.404241,37.31236904,mungbean
60,15,1.42,6.510840928,17.0,7.3,28.95172351,81.67085323,56.51103293,mungbean
45,21,1.05,6.2873801170000005,26.6,17.3,28.18837136,82.60629652,37.01110438,mungbean
57,25,2.03,6.86308576,14.9,13.5,28.30041493,86.20681554,50.47333854,mungbean
57,17,2.03,6.78415271,20.7,11.4,27.89636126,88.71782287,57.79863368,mungbean
57,22,1.0,6.769415887999999,24.3,7.3,28.6899851,87.50436797,44.56598352,mungbean
59,25,1.66,6.320768488,15.2,12.9,27.826262300000003,88.73100226,56.68833819,mungbean
41,18,1.91,6.705008503999999,19.1,7.0,28.70562673,81.59200689,59.87065439,mungbean
48,24,0.95,6.790736339,21.7,9.0,28.6362812,84.61431076,48.48319335,mungbean
36,25,1.13,7.130278657000001,25.3,9.4,28.28511547,88.4393979,48.56690235,mungbean
36,22,1.28,7.012740397000001,20.2,14.7,27.60887393,86.13316408,43.80041104,mungbean
59,22,1.78,7.1556850160000005,22.3,13.2,28.60901145,86.99495766,36.94616965,mungbean
48,21,1.25,6.991242362,23.2,11.5,29.24598976,84.80084105,53.43228915,mungbean
50,21,1.46,6.218923893,25.2,8.3,28.62911222,89.11480590000002,50.49913241,mungbean
40,15,1.75,7.199495367999999,25.8,3.0,29.57329479,88.07505524,45.04467075,mungbean
43,22,1.96,6.3898821660000005,8.0,8.8,27.82684262,87.16679147,58.37249772,mungbean
57,15,1.91,6.623438282,21.4,5.9,29.8757015,83.14796296,40.12044158,mungbean
60,23,1.27,7.033012777000001,28.1,4.3,27.33684386,88.50229102,51.09802625,mungbean
59,15,1.94,6.32400451,22.7,6.8,29.83040388,89.30428305,58.86687093,mungbean
60,25,1.43,6.397636709,17.9,14.0,28.2753171,82.76020821,56.04995423,mungbean
47,15,1.82,6.401455706,14.4,9.6,29.86860065,85.99127934,58.41394143,mungbean
45,22,1.34,6.904587016,29.5,6.3,29.5888162,89.9939693,54.96121262,mungbean
39,15,2.08,6.478557136,22.8,6.9,28.07219563,82.9116472,49.61865305,mungbean
40,24,1.4,7.063022095,19.0,6.5,27.84026517,89.99615558,52.84626009,mungbean
48,15,1.63,6.981758362000001,16.9,3.4,27.10818093,87.45126690000002,55.03723979,mungbean
59,25,1.49,6.227134139,14.0,8.4,27.68515114,81.94268594,54.62243308,mungbean
48,24,1.33,6.232836962,18.6,18.0,29.34594634,85.60472562,59.03629954,mungbean
43,21,1.62,7.140437859,24.2,4.8,28.36319404,84.8593608,52.93031105,mungbean
46,24,1.4,6.459252023,24.1,7.4,27.65280218,89.80650642,56.52558045,mungbean
47,19,1.87,6.568795403999999,17.0,10.0,27.31372793,85.44815232,53.15223123,mungbean
44,18,1.42,7.12851089,23.8,8.8,27.06909959,86.89934108,50.46746116,mungbean
58,20,1.52,6.42937879,21.8,8.4,28.06642822,85.91625451,39.23831035,mungbean
40,21,1.75,6.248900919,24.2,10.7,27.73329078,81.13903037,44.17580911,mungbean
38,18,1.47,6.619891497999999,27.0,10.2,27.53632932,89.92908171,45.48591922,mungbean
48,20,1.51,6.377568542000001,23.5,16.9,29.66461594,84.28187572,56.09542002,mungbean
49,25,1.2,6.415459592,26.8,4.4,29.914544300000006,85.85384444,41.39081525,mungbean
38,15,1.67,6.3206620120000006,30.9,12.7,28.36363858,87.59810657,57.99524359,mungbean
58,15,1.65,6.978400282000001,20.2,11.1,29.46416042,87.60890009,43.15411472,mungbean
44,16,1.52,6.442335592999999,19.1,10.0,29.73013036,82.89166381,50.91511275,mungbean
59,23,1.66,7.184398832,19.2,8.2,27.46852989,87.17649,43.78420984,mungbean
48,22,1.19,6.402926221,25.0,12.9,27.77076285,87.09979549,49.50812624,mungbean
41,17,1.67,7.085982325,27.8,11.3,29.12939524,88.48312598,36.45012824,mungbean
52,19,1.72,6.698574085,24.5,10.7,27.10606808,89.89593328,37.45680611,mungbean
48,17,1.44,6.594739424,34.1,9.4,28.88078945,86.94206817,53.79732545,mungbean
41,20,1.4,6.647965508,25.2,11.9,28.14720892,83.8001509,37.44800463,mungbean
37,25,1.18,7.120032489,28.6,10.7,29.89129144,80.14487166,54.7960127,mungbean
35,20,1.27,6.91380932,28.9,13.2,27.41503453,80.98004661,40.53173216,mungbean
41,20,1.22,7.073048264,31.9,13.3,29.27308605,89.4875022,50.9246554,mungbean
50,23,1.6,6.5304707,31.0,11.6,29.65296893,88.48587386,56.01913159,mungbean
35,21,1.59,6.684381357,19.7,13.0,28.44524991,82.67639542,58.18713162,mungbean
37,15,1.74,6.581351374,23.1,8.2,27.96235681,83.97586797,48.9366954,mungbean
39,22,1.64,6.86483915,22.7,6.3,29.25649321,81.97952224,42.02483277,mungbean
45,21,1.16,6.487124217000001,25.8,3.0,28.36291385,88.00989267,43.05130077,mungbean
37,20,1.66,6.605733067999999,20.6,15.6,27.62749466,86.49366929,39.26137642,mungbean
51,17,1.45,6.860602782000001,26.3,9.6,28.66086349,86.12194568,50.01534317,mungbean
56,20,1.63,6.41874299,26.7,9.4,29.2114218,87.11497805,51.53848218,mungbean
40,22,1.9,6.365513634,18.0,12.0,29.40889385,86.16063492,53.35486977,mungbean
36,21,1.88,6.5563729660000005,26.3,17.7,28.02952623,84.8845732,36.12042927,mungbean
37,17,1.37,6.760694227999999,16.1,7.5,28.08657178,80.35005927,38.14476781,mungbean
47,18,1.8,6.715276662999999,25.5,11.4,29.16174608,80.28038146,40.16545979,mungbean
44,17,1.26,6.666380512000001,26.8,6.7,29.8596912,80.03499648,50.66487502,mungbean
59,19,1.95,6.626629798,37.3,12.3,29.06631494,83.6869203,43.95183726,mungbean
56,21,1.77,6.702772465,20.5,4.7,27.38538997,88.66663953,58.29933073,mungbean
45,18,1.42,7.011030515,17.5,5.9,27.93034941,85.42058715,43.25095608,mungbean
39,17,2.12,6.890156495,24.4,12.3,29.2808618,81.8009244,44.47427436,mungbean
37,15,1.51,6.821747052,22.1,14.4,28.9973145,83.78911515,59.84499208,mungbean
37,19,1.59,7.183189922,25.7,10.3,27.92678579,86.5543196,43.4826194,mungbean
54,17,1.5,6.27258822,16.0,4.1,28.5474135,88.9570454,49.4897245,mungbean
51,15,1.52,6.679127482,23.3,6.5,29.36488409,89.1886954,48.30159325,mungbean
54,20,1.59,6.689825155,23.3,3.5,28.56149805,83.63802195,41.013132,mungbean
45,16,1.33,6.583381939,25.0,12.4,28.43683487,87.91332682,43.12063289,mungbean
40,21,1.25,6.725551062,23.8,14.6,28.79728147,80.45744422,44.30070517,mungbean
37,22,1.83,7.069747813999999,22.5,9.4,28.7275267,89.12760359,58.52974279,mungbean
44,19,1.41,6.921993877999999,25.3,11.7,27.95639663,83.52706038,43.25726752,mungbean
45,17,1.79,6.770955317,23.7,13.9,28.17458662,83.69659318,37.2464655,mungbean
45,23,1.63,6.983130466,26.9,14.0,28.77653519,86.69133979,56.12443206,mungbean
48,21,1.36,6.267684328,14.0,16.4,28.438097,83.48991368,52.55469976,mungbean
79,15,1.58,7.454532137,15.4,9.5,29.48439992,63.19915325,71.89090748,blackgram
62,21,1.73,7.040056094,22.6,10.2,26.73433965,68.13999721,67.15096376,blackgram
61,22,1.92,7.418650668,18.8,9.2,26.27274407,62.28814857,70.23207557,blackgram
73,25,1.56,6.501869314,26.0,13.7,34.03679184,67.21113844,73.23573601,blackgram
58,18,1.77,6.814410927999999,25.0,13.7,28.03644051,65.06601664,72.49507741,blackgram
55,16,1.42,7.581442888,24.3,12.4,28.81460716,65.33538112,62.26242533,blackgram
72,21,1.56,7.741418772,27.9,13.9,34.03619494,64.28791388,66.85510868,blackgram
64,20,1.51,6.573531614,20.0,12.2,33.8642935,61.57072498,68.02199825,blackgram
64,21,1.49,7.543804222999999,25.0,19.7,32.84213012,68.68401492,73.67166182,blackgram
74,17,1.34,6.5408208,26.1,15.7,27.10053268,63.36085585,73.84949872,blackgram
73,24,1.53,7.22405917,35.7,10.7,25.65842532,61.18235808,69.28607828,blackgram
67,25,1.6,7.551364319,20.0,10.8,32.34744009,66.61452812,64.55882254,blackgram
63,19,1.57,6.928898659,28.2,13.1,29.58949031,68.32176769,67.53021213,blackgram
66,22,1.88,7.747775262999999,23.5,10.8,30.91219459,68.79427388,66.63830637,blackgram
56,18,2.31,6.706505915,26.0,9.5,28.12787838,64.2097765,70.86340755,blackgram
66,15,1.29,6.668238556,19.3,15.3,30.08545364,69.34811988,67.1367443,blackgram
55,19,1.39,7.332375138,24.6,11.8,31.74379487,62.51007687,68.97097538,blackgram
58,23,1.72,7.596802025,19.8,8.2,27.81326852,62.50460464,69.75555541,blackgram
65,25,1.57,7.70650895,27.0,13.2,32.88733849,64.59457409,71.50569456,blackgram
62,18,1.26,7.366542647,27.4,9.4,29.36358721,64.98742947,61.91208707,blackgram
71,15,1.34,6.919243702,19.3,16.6,27.82592799,67.58618829999999,74.01229707,blackgram
71,24,1.69,7.187721817999999,27.0,16.4,28.49538735,60.44848407,74.91559514,blackgram
71,16,2.34,7.0758864720000005,15.5,9.4,27.74274761,68.53997144,71.78615328,blackgram
63,18,1.32,6.74441168,19.7,8.2,30.41588462,67.66323804,63.02473185,blackgram
60,25,1.41,6.726469087999999,17.9,13.2,27.3254209,69.09047809,61.19250859,blackgram
61,21,1.52,6.628264883,26.4,13.8,30.28496619,61.69295127,65.62859526,blackgram
68,22,1.68,7.127064207,22.1,19.4,28.56840626,61.53278622,63.49726331,blackgram
62,15,1.57,7.538631462000001,14.7,8.5,25.36586097,66.6379724,65.81655892,blackgram
66,17,0.98,7.162357641,24.1,11.6,34.9466155,65.26774011,70.1415139,blackgram
63,22,1.36,6.859409487000001,34.1,13.9,25.09737391,67.72837887,74.61649888,blackgram
72,19,1.72,7.397190844,19.3,8.5,32.47648301,64.34848735,65.82045699999999,blackgram
65,21,1.51,6.880245789,24.9,5.5,33.86351172,68.59232289,69.24464096,blackgram
78,21,1.45,6.581313137,24.1,11.2,25.19857725,60.37332688,70.88787207,blackgram
67,17,1.26,7.296972161,21.3,11.4,31.77681682,69.01852894,61.46892873,blackgram
60,21,1.53,6.97297656,27.0,15.8,34.89814946,63.59948557,64.72797143,blackgram
76,17,1.41,7.241148507,21.7,13.5,31.74105409,68.63525428,62.3061735,blackgram
78,19,1.68,6.92009048,21.8,14.8,27.16159076,66.76017239,69.85112265,blackgram
60,17,1.79,7.504608385,30.5,18.2,26.23773129,67.88521396,73.58663968,blackgram
75,15,1.24,7.152272256,24.1,12.0,30.20157245,60.06534859,66.37171179,blackgram
72,15,1.47,7.137004749,20.8,6.8,31.55846339,67.83563765,74.86960831,blackgram
80,19,1.53,6.8080417220000005,20.2,12.3,29.67892453,69.0854554,65.66436565,blackgram
76,18,1.26,7.393631868,18.5,12.8,27.05365239,67.7017527,60.4693835,blackgram
68,19,1.55,7.69950698,26.9,19.7,34.63880966,61.38597868,72.43169115,blackgram
78,21,1.58,6.602888248999999,26.4,8.2,33.39438752,62.93692886,63.57445989,blackgram
64,25,1.11,6.734447425,31.9,8.8,28.84079155,63.37230676,70.25496749,blackgram
80,19,1.19,6.521217963,23.8,11.7,31.49338309,63.0563645,71.48327008,blackgram
68,23,1.23,7.707332484,22.5,16.3,25.54960633,63.95425534,63.1830529,blackgram
67,16,1.26,6.596719015,17.0,15.3,34.37329112,69.69366426,70.27184748,blackgram
70,15,1.65,7.403623355,20.9,6.5,34.600824700000004,63.11296779,60.41790253,blackgram
74,15,1.28,7.517097,23.7,16.1,29.43463808,64.94329356,72.17818157,blackgram
67,16,1.19,7.17620823,23.6,14.4,29.10713092,67.90577375,67.83345933,blackgram
80,22,0.79,6.593961761,29.2,7.9,28.57006111,65.71765781,70.0866434,blackgram
79,19,1.6,7.143942758,25.2,15.8,27.54384835,69.3478631,69.40878198,blackgram
75,21,1.67,6.690655045,12.1,9.3,33.04687968,68.93875631,62.30278274,blackgram
55,20,1.54,7.423530351,23.0,13.7,33.95309131,69.96100028,61.16350463,blackgram
68,17,1.74,6.578714842999999,27.0,11.3,30.11873003,60.11680815,71.72980375,blackgram
68,20,0.95,7.497469256,21.7,13.5,29.57812712,66.17587668,69.43895491,blackgram
76,22,1.17,7.775306272000001,27.2,15.2,27.26458947,68.01232937,68.91754359,blackgram
60,16,1.54,7.322555222999999,8.7,7.5,31.35730791,64.24992106,63.85668948,blackgram
72,17,2.07,7.580527339,21.3,5.1,31.52104732,66.55723677,61.71111448,blackgram
68,19,1.87,7.1084501210000015,24.1,15.9,29.39982732,64.25510719,67.47677295,blackgram
62,15,1.58,7.358974541,26.3,13.3,29.38400259,64.14928485,65.24194361,blackgram
65,23,1.71,7.405176138,35.4,15.4,28.38686534,61.88871127,74.24459122,blackgram
64,15,1.03,6.500144962,26.2,16.0,28.47442276,63.53604453,69.5274407,blackgram
58,16,1.86,7.167435834,21.9,16.1,30.64095781,61.14508627,71.36947525,blackgram
75,25,1.78,7.261791753,36.9,9.4,25.25596239,61.36669662,68.64685069,blackgram
66,19,1.35,7.586642101,22.5,10.3,32.97030511,60.18122078,73.44678678,blackgram
70,16,1.23,7.534811832999999,10.2,10.5,33.66855394,66.60416867,67.32520551,blackgram
57,19,1.61,7.251000789,21.5,18.8,32.83963757,67.99803573,73.40452716,blackgram
58,25,1.5,6.513620917999999,30.5,12.9,27.45853567,62.90020977,69.46020927,blackgram
62,17,1.75,7.121254928,25.4,16.8,25.68576704,69.84354028,74.62068748,blackgram
75,22,1.52,7.574561547,26.5,13.3,30.0328403,64.14800537,71.21006868,blackgram
80,20,1.41,7.350869792,26.0,19.8,28.20667264,68.27085245,64.32887142,blackgram
76,16,1.42,7.5131510760000015,26.1,16.4,28.27265858,61.18956161,63.29900785,blackgram
76,15,1.84,7.0256077060000015,24.1,3.7,28.541723600000005,64.2020154,69.68862306,blackgram
61,20,1.66,6.804253866,12.9,17.1,26.87187036,61.61367264,63.51822045,blackgram
60,15,1.55,7.163043872,29.0,8.8,32.79766751,68.77994074,64.11411069,blackgram
63,15,1.03,7.338929556,25.3,11.9,26.42333018,64.51136845,63.46546487,blackgram
67,21,1.35,6.621323612,24.4,21.7,29.79181107,63.38789228,63.02169909,blackgram
63,16,1.75,6.661870999,29.2,15.0,27.44003279,67.10464369,72.50669768,blackgram
68,17,1.94,7.733149554,23.0,4.8,34.1262979,65.14877461,70.40795007,blackgram
61,15,1.44,7.402891666,28.1,8.6,30.94908189,64.23364112,62.78730907,blackgram
74,18,1.45,6.599147297999999,20.5,17.3,28.75751783,61.02701476,73.37686831,blackgram
79,17,1.72,7.04174124,27.3,14.2,27.24766491,66.10123083,62.31842057,blackgram
62,24,1.49,7.353876754,25.0,7.9,28.63005477,66.770943,62.2737345,blackgram
60,17,0.84,7.026795358999999,24.8,13.1,26.41768321,63.64698302,64.42177127,blackgram
65,20,1.86,6.814301033,31.9,17.5,32.81705216,66.15665137,68.83924882,blackgram
55,25,1.2,7.42160832,22.2,13.7,29.6321052,65.91359954,71.16331975,blackgram
62,24,2.26,6.8473828910000005,31.4,15.9,33.49077065,62.73317204,65.45328463,blackgram
59,22,1.38,7.191522601,19.6,14.8,31.86847286,66.74217464,74.22238583,blackgram
77,21,1.17,7.01285529,22.8,11.6,30.32992227,65.62971858,71.64631281,blackgram
58,17,1.98,7.368318809,22.2,3.5,28.546224,66.31394098,62.83469851,blackgram
63,17,1.65,7.26154329,20.5,12.1,30.02629908,67.88811637,66.47264636,blackgram
63,18,1.47,6.52669158,22.6,14.8,31.65531175,60.13263713,66.69096751,blackgram
70,15,1.04,6.872594461,21.4,14.4,30.33499674,63.54718862,74.16699119,blackgram
73,16,1.32,6.874142175,16.0,14.3,33.36984395,65.67718163,64.89517488,blackgram
77,22,1.84,7.76061831,23.8,5.1,31.4345059,62.99303471,64.77651469,blackgram
79,23,1.71,6.781841984,15.7,13.1,27.71678273,63.29103387,68.56507978,blackgram
77,21,1.23,7.326980454,18.2,10.5,32.63918668,61.3009051,61.83876146,blackgram
62,25,1.45,7.453975408,20.8,14.1,32.7477393,67.77954584,63.37784443,blackgram
76,15,1.17,7.604110177000001,31.9,14.0,28.05153602,63.49802189,43.35795377,lentil
61,22,1.09,7.728832424,22.7,7.2,19.44084326,63.27771461,46.83130119,lentil
60,20,1.39,7.491217102,25.2,4.7,29.84823072,60.63872613,46.80452595,lentil
74,17,1.14,6.633864582,22.5,18.5,21.36383757,69.92375891,46.6352865,lentil
71,16,0.79,7.324863481,19.8,16.9,26.28663931,68.51966729,46.13833007,lentil
71,18,1.71,6.410441476,23.3,10.8,22.17499963,62.13873825,53.46622584,lentil
72,18,1.48,7.836719564,15.4,6.5,26.57597546,60.97876599,50.89110726,lentil
59,21,1.22,6.139215944,34.7,11.5,26.58972517,66.14007674,50.90994463,lentil
64,20,1.33,6.590571088,32.7,20.4,19.1345771,62.57526895,36.46946971,lentil
58,17,1.13,7.286049977999999,26.9,19.4,28.75273118,69.15640149,35.15426171,lentil
77,20,0.84,6.058306161,32.1,9.4,25.78746268,60.2816298,49.14337177,lentil
75,22,1.33,6.658605362,25.8,9.6,23.89271875,61.78779413,52.55730112,lentil
69,23,1.01,7.299360767,28.4,16.5,28.67408774,63.18832976,42.96018627,lentil
80,24,1.26,7.815210661,27.4,15.0,28.42062847,61.77336343,49.02366803,lentil
78,15,1.01,5.925391795,30.7,15.9,21.35499456,62.60136323,41.78219834,lentil
79,17,2.08,6.403683619,25.1,11.4,21.12695586,63.18738532,38.71834464,lentil
62,22,1.53,7.397546271,31.1,11.1,24.02037872,61.62313345,49.78102578,lentil
60,24,1.18,7.722335992,29.7,10.1,25.40474421,65.8567539,51.92057267,lentil
67,22,1.18,7.475926645,27.4,16.5,29.03017561,64.49166566,54.93937710000001,lentil
78,18,1.12,6.887130053,17.8,6.3,20.21368219,68.65257685,50.89732989,lentil
80,16,0.92,7.441976825,20.4,12.5,29.19585548,68.01965728,44.93261911,lentil
61,24,0.94,7.629910252999999,23.5,10.3,18.29783597,69.6897615,49.39111479,lentil
66,20,1.17,7.336117221,33.6,15.3,27.41434987,63.41785982,44.43177543,lentil
61,21,1.3,6.75020529,24.7,11.5,24.84063998,60.09116626,48.77790371,lentil
60,21,1.4,7.52178027,29.9,9.8,29.94413861,67.31323084,40.37113729,lentil
66,22,1.31,6.347379185,16.8,13.7,25.87990287,67.55109024,47.89645224,lentil
56,18,1.53,7.135251532000001,25.6,19.4,20.0467711,65.84395319,46.05333124,lentil
72,15,1.04,7.670178119,28.1,12.9,22.99451999,66.70897237,54.49044154,lentil
77,20,1.27,7.399749291,26.4,13.4,25.13163619,66.92642362,49.04015558,lentil
65,24,1.55,7.841496029,33.9,13.0,28.49584395,62.44616219,53.14531023,lentil
79,22,1.54,6.254216611,23.5,15.7,18.28766124,69.48515056,48.60449438,lentil
63,16,1.07,6.868881707999999,32.5,20.7,24.38041875,61.18458224,53.13946695,lentil
78,23,1.26,7.320514721,16.0,11.1,21.31852148,66.43934593,45.42616802,lentil
78,18,1.67,6.296976913,29.8,13.9,18.54141834,62.70637578,44.07819743,lentil
67,25,1.6,7.241151936,29.4,17.3,25.28710601,60.85993533,49.37369982,lentil
65,23,1.58,7.685959305,34.6,14.3,25.43459777,69.12613376,41.02682925,lentil
72,15,1.57,6.890760124,25.5,10.9,28.83600962,69.76112921,44.08562546,lentil
57,21,1.81,6.155915975,28.1,15.8,27.37659643,63.93927841,49.47371773,lentil
58,15,1.34,6.167855382000001,24.1,13.0,28.31886863,60.19461399,45.36521251,lentil
58,25,1.73,6.861640036,29.8,7.0,27.4818649,62.04814951,37.81123974,lentil
65,19,1.24,6.978361689,35.9,12.3,18.28072173,68.10365387,48.80253285,lentil
65,19,0.76,7.043160241,36.5,15.4,27.61204997,69.29786244,42.72374404,lentil
65,19,1.28,5.94239222,25.1,16.8,23.43974653,63.22011726,45.40277297,lentil
69,19,1.14,7.239455147,32.7,14.9,20.95628486,63.68128841,52.39881209,lentil
55,16,1.37,6.516317561,27.7,12.4,23.7937153,68.03209183,49.73922097,lentil
61,17,1.61,6.233269045,22.7,7.3,22.6371424,65.44544859,38.30411077,lentil
79,15,1.48,7.505283615,30.2,14.7,21.53577883,65.47227704,35.75107592,lentil
63,17,1.42,6.950300686,25.4,15.8,29.87854588,65.73085206,44.95654782,lentil
61,15,1.29,6.958054839,24.6,11.9,25.2653291,67.10004577,48.33941188,lentil
70,16,1.91,6.54803469,18.3,14.7,25.17885316,68.93307305,35.03484812,lentil
74,25,0.8,6.461618577,26.5,11.5,24.12192608,61.09533545,44.23629285,lentil
64,23,0.67,7.065264073,28.9,11.7,23.33565221,67.40460704,36.18678721,lentil
58,23,0.67,6.765091462000001,31.2,18.0,21.74600081,63.39503184,50.43306085,lentil
79,22,1.75,5.91645379,28.8,13.2,27.60195453,63.46170674,54.37814199,lentil
68,18,1.7,6.711341147000001,35.4,17.0,24.388717,62.50453062,47.26052494,lentil
79,20,1.02,6.379881442,28.0,14.5,24.98287462,66.895409,38.21370568,lentil
77,22,0.76,6.313284267999999,29.3,21.0,28.234829,69.3159965,35.36831423,lentil
74,17,1.49,7.393210848,34.4,13.6,26.03026959,69.55863145,37.11395801,lentil
68,24,1.28,7.504930973,28.9,10.1,28.04849594,64.07691942,37.15824966,lentil
75,17,1.01,7.198076286,33.3,17.8,24.87425505,64.00213929,48.28137482,lentil
78,22,1.0,7.007037515,31.8,12.7,23.97081395,62.35557553,53.40906048,lentil
79,19,1.4,6.677262562,29.3,16.5,20.06003985,67.76252583,42.89509057,lentil
60,18,1.32,6.74398035,34.1,14.1,19.59221047,61.28633405,41.7704893,lentil
69,16,1.49,6.547361617999999,22.8,20.6,29.77013109,66.29327012,35.69674138,lentil
67,21,1.44,6.551577598,30.6,7.4,27.52135365,60.53657684,48.06491307,lentil
67,23,1.05,6.585020302999999,33.2,14.0,25.62896213,63.14909763,45.49683991,lentil
67,20,0.73,6.924042372000001,32.2,11.1,20.39078312,60.47528931,53.31508572,lentil
70,21,1.72,7.437373666,26.6,13.7,25.39038396,60.4989659,39.18374505,lentil
71,19,1.65,7.142611056000002,22.5,9.5,24.91079638,60.71367427,42.19740397,lentil
68,16,1.24,7.74672376,31.1,8.3,27.70496805,63.20915034,37.46160727,lentil
66,22,0.8,6.300479414,31.1,10.9,18.06486101,65.1034354,51.54922825,lentil
65,16,1.18,6.078724107,17.7,10.6,18.13027797,62.45851612,50.6128521,lentil
59,22,1.3,6.76660668,31.7,10.3,23.82723528,67.89815262,46.90725077,lentil
59,19,1.8,7.641024177,23.6,10.6,23.19305333,62.74710773,49.55213308,lentil
63,17,1.76,6.559681838,28.1,11.1,25.08966129,68.17543102,41.45486619,lentil
69,21,1.25,7.072923306,33.8,18.1,25.86928193,61.88321072,36.68284038,lentil
75,17,1.05,7.732194787999999,26.8,13.3,18.43966037,68.05394959,39.00992137,lentil
61,18,1.0,6.157782589,26.7,13.0,27.14911056,67.02664337,52.50812701,lentil
74,17,1.64,7.240988401,33.0,11.8,23.33375853,64.50515776,47.01510708,lentil
74,22,1.24,6.898905799,30.3,11.0,26.7230014,62.96841833,42.87274897,lentil
63,24,1.48,6.818681086000002,26.6,9.6,19.55750776,64.45268309,53.04669416,lentil
56,17,1.01,6.261937875,34.2,12.5,26.13708256,66.7729209,46.48280681,lentil
74,15,1.79,6.493036868,24.4,14.0,27.99990346,65.57653373,49.94043064,lentil
76,20,2.02,7.042474679,21.7,6.4,29.05941162,62.10652364,36.5011366,lentil
65,16,1.69,7.692013657,22.9,12.9,25.71269843,64.1123333,50.17067771,lentil
67,21,1.12,6.250994222999999,28.3,9.7,21.79792649,63.73086065,46.62370222,lentil
79,16,1.25,6.0521848810000005,29.2,9.5,24.70626432,60.26854183,53.12442925,lentil
61,22,1.09,7.002216044,25.3,8.0,20.94981756,65.8108757,44.23913012,lentil
70,19,1.17,7.272427638,27.6,11.6,24.84918386,68.98088448,41.61080544,lentil
80,19,1.22,5.962001484,26.9,10.7,21.91041045,65.21662467,36.10211371,lentil
77,20,1.51,7.080506001,34.2,11.4,25.93381964,68.70533022,51.02372773,lentil
67,22,1.45,6.5937983870000005,25.8,14.3,29.82112112,69.4073209,51.56461082,lentil
73,25,1.77,7.28805662,29.5,6.8,27.52185591,63.13215259,45.20841071,lentil
56,18,1.44,7.32710972,33.2,12.2,27.99627907,68.6428593,46.10585191,lentil
70,15,1.6,6.366355781,23.5,7.8,20.76774783,63.90164154,47.9271552,lentil
56,22,1.34,7.011121216,18.2,12.2,23.05276444,60.424786,52.60285259,lentil
77,17,1.69,6.280725549,17.5,8.5,21.65845777,63.58337146,38.07659414,lentil
59,19,0.99,7.621494566,26.7,11.7,26.25070298,67.62779652,40.8106299,lentil
73,15,1.72,7.630424082999999,31.8,14.7,20.97195263,63.83179889,53.10207889,lentil
77,15,1.34,7.802212437,29.0,10.0,23.89736406,66.32102048,40.74536757,lentil
24,38,1.46,5.922935513,14.4,13.9,24.55981624,91.63536236,111.9684622,pomegranate
18,37,1.56,5.937649577999999,21.1,10.4,19.65690085,89.93701023,108.0458926,pomegranate
26,36,1.32,6.804781106,8.0,12.1,18.78359608,87.4024767,102.5184759,pomegranate
18,39,1.17,6.424670614,19.7,13.5,24.1469628,94.5110662,110.2316633,pomegranate
27,38,1.18,6.7380162210000005,14.3,10.5,22.44581266,89.90147027,109.3905998,pomegranate
25,38,1.22,6.4973666770000005,20.6,11.6,24.96273236,92.40501423,109.4169192,pomegranate
21,38,1.51,6.327673765,14.6,11.6,22.5526059,89.32594859999998,104.8955643,pomegranate
30,40,1.59,6.36137446,11.3,11.6,22.77035608,91.45498527,106.9659201,pomegranate
27,41,1.02,6.9235093710000015,18.1,7.8,19.20090378,94.27659596,108.0423555,pomegranate
11,38,1.15,6.630646082999999,29.2,6.6,23.12808226,92.68328358,109.3930157,pomegranate
5,36,0.85,5.832525853,13.5,17.0,24.92639065,85.19098079,104.7693804,pomegranate
10,41,1.06,6.738993954,19.9,9.6,24.77464458,85.63608688,105.7595811,pomegranate
7,37,0.92,5.782435567,18.8,19.6,19.8671184,86.35590206,108.3168858,pomegranate
20,41,1.62,6.537042717,15.7,13.3,24.26601316,93.7974061,104.5375109,pomegranate
22,40,0.95,6.145104401,11.1,14.6,23.62600218,89.73266695,107.6836871,pomegranate
15,42,1.55,6.890784045,25.2,9.4,19.67832052,89.08935702,108.5468633,pomegranate
27,41,1.15,7.175344328,23.7,12.4,22.36509395,92.30882391,104.8216333,pomegranate
18,42,1.08,5.938528744,11.9,11.4,21.57936934,94.88267728,102.8593382,pomegranate
15,38,1.52,5.709380472,14.0,13.2,18.26233221,88.16779129,108.0756727,pomegranate
23,44,1.3,6.184400085,23.8,14.1,23.71028128,89.61794165,105.64999070000002,pomegranate
8,40,0.99,6.553509673,11.9,9.1,22.48720144,89.9224883,111.6631582,pomegranate
27,45,1.47,5.885638185,17.3,8.6,21.66024980000001,94.79397419,112.4349689,pomegranate
23,44,0.65,6.1438746910000015,28.8,13.9,20.13037175,89.31505137,107.3416913,pomegranate
16,39,1.43,6.101198974,24.8,13.0,18.41164435,91.11927248,105.1834976,pomegranate
29,40,1.13,6.594037135,19.2,9.5,19.68291173,89.75272999,111.2818551,pomegranate
17,42,1.99,6.8598408210000015,22.8,9.4,23.20242586,91.19442671,109.0946323,pomegranate
21,44,1.34,6.56893406,14.9,16.3,18.92157197,87.31290342,102.8013275,pomegranate
6,40,1.0,6.769855664,22.5,14.7,22.10621387,91.34039616,106.8704803,pomegranate
23,44,1.32,7.130837931,20.5,11.0,18.47412402,89.68919664,108.4758509,pomegranate
16,36,1.18,5.7403380020000006,17.1,9.4,19.81069447,88.92944254,102.860084,pomegranate
18,43,1.64,5.843005428,19.5,8.2,24.4880844,90.83687246,103.1969341,pomegranate
21,42,1.05,6.648687273999999,25.5,13.4,18.75927679,89.93457597,111.0196744,pomegranate
23,42,1.37,6.902751061,18.7,13.0,19.54128063,90.29751796,104.3739878,pomegranate
17,40,1.01,6.608023872,18.7,14.4,18.91251245,87.74938524,111.28005159999998,pomegranate
25,36,1.46,6.828522375,15.1,8.0,19.91330523,94.95031368,104.0277061,pomegranate
18,42,1.23,6.910374919,28.6,4.3,19.72620525,89.64934166,108.22872759999998,pomegranate
19,42,1.28,6.306605528,13.1,8.8,23.83185873,87.84034604,111.2232716,pomegranate
24,41,1.09,7.009180374,17.9,9.1,24.94467632,94.25702672,103.8799347,pomegranate
24,40,1.2,6.297907578999999,17.3,5.9,24.692258,93.87030088,104.6735454,pomegranate
17,39,1.43,6.728599215,23.8,14.0,24.72485577,85.56083187,111.2787584,pomegranate
30,38,0.74,6.965156737999999,21.5,13.4,20.12644921,87.59629625,108.065579,pomegranate
29,44,0.89,5.578095745,20.0,10.6,21.02432943,93.0569505,104.7847006,pomegranate
24,43,1.75,7.199504273,29.6,5.2,22.40423537,88.1508343,109.8695196,pomegranate
21,35,1.95,5.841367187,15.4,14.4,20.33691147,89.38003827,110.9653137,pomegranate
11,36,1.49,6.710143266,15.0,12.7,24.24779615,85.56033312,106.9216033,pomegranate
25,41,1.17,5.972714857000001,22.8,11.8,24.81530144,91.90842992,109.2853418,pomegranate
22,43,1.56,5.561851831,20.4,10.4,19.66329768,87.95158129,106.0380805,pomegranate
21,38,1.53,6.107054807999999,22.9,13.6,22.43377991,90.3396556,112.459697,pomegranate
26,38,1.0,6.988035315,14.8,9.0,22.92052307,85.12912161,110.2437841,pomegranate
18,37,1.01,7.13147457,23.9,14.4,22.91843172,85.40695044,106.2817706,pomegranate
6,41,1.15,7.086947687,27.2,15.8,24.88244467,89.39686219,107.1951707,pomegranate
21,45,1.27,6.749260456,15.9,16.5,23.40981539,93.13277,105.2240743,pomegranate
5,44,1.18,7.16300467,20.6,9.8,21.20725375,94.26304717,107.5660804,pomegranate
7,43,0.93,7.013481515,12.7,13.2,18.20230419,91.12282162,109.66239740000002,pomegranate
13,37,0.96,5.648243648999999,35.3,7.2,22.34375696,89.7870345,103.3183074,pomegranate
24,41,0.82,6.610251186,22.6,16.4,24.32770134,90.88292835,110.4606459,pomegranate
23,35,1.22,7.054313822999999,22.9,4.5,19.75088482,88.71691157,102.5538035,pomegranate
20,39,1.0,6.026999326,14.6,4.4,19.86173586,86.19740917,111.0217929,pomegranate
19,43,1.24,5.7794274020000005,8.8,6.4,18.07132963,93.14554876,106.3602023,pomegranate
9,45,1.04,6.535244251,15.8,12.4,23.89162561,89.61850203,104.617522,pomegranate
27,36,1.29,5.684995235,24.5,13.6,23.98598756,93.34236582,104.991282,pomegranate
30,44,1.54,6.12476108,20.0,12.1,20.93892916,85.42912869,103.0295938,pomegranate
21,42,1.35,6.999014379,20.7,9.6,20.82210727,87.22815682,109.4429934,pomegranate
30,37,1.1,6.277148771,15.9,12.5,20.86474944,91.61793636,106.8685636,pomegranate
11,44,1.17,6.322396027000001,16.7,8.7,24.45840036,86.10874614,111.3779693,pomegranate
9,40,0.84,5.956401828,24.9,11.3,24.51147697,90.64498715,105.6209954,pomegranate
27,44,0.94,6.591302797000001,24.0,9.0,24.56811204,92.03009222,110.9633894,pomegranate
29,42,0.78,7.104094929,25.1,9.1,24.63228709,89.01574455,110.6956184,pomegranate
25,40,1.08,6.407872061,20.2,15.0,20.07386547,90.97819712,103.7084055,pomegranate
14,37,1.21,6.658402594,14.0,12.9,21.80523051,94.63612858,102.6488846,pomegranate
9,36,1.05,6.276038961,29.4,11.0,22.8122645,86.34233767,110.4432293,pomegranate
14,37,0.53,6.825256236,21.8,17.8,22.73031253,88.48567856,104.6843243,pomegranate
21,35,1.67,6.368560522,29.2,7.4,23.2801227,94.94330457,111.1382096,pomegranate
23,38,1.47,7.005410734,16.4,11.8,19.30106297,87.1775172,105.4766591,pomegranate
6,41,0.82,6.8973684770000006,16.8,8.6,19.0087067,88.83768149,108.6793978,pomegranate
5,36,1.47,6.152906502,24.0,12.0,24.35193812,90.88612388,105.529185,pomegranate
9,44,0.79,5.744361602000001,18.4,8.4,24.72235539,88.87651295,112.1926517,pomegranate
8,43,1.46,7.051654924,25.9,14.7,21.92513945,94.46485312,111.71620159999998,pomegranate
11,45,0.97,6.034612928,8.0,4.8,24.83954414,86.88738076,107.6435771,pomegranate
17,45,1.63,6.9244907310000015,18.0,8.4,18.09691127,90.42177379,104.88188999999998,pomegranate
5,42,1.69,6.887005997,26.3,11.1,20.24104904,91.08706822,109.2537734,pomegranate
28,38,1.11,6.8444019,19.3,11.8,23.22594,94.42971362,105.6917856,pomegranate
13,42,1.68,5.786058032000001,22.1,13.5,23.50128217,92.97527546,106.61905,pomegranate
9,40,1.55,5.627186257000001,14.2,13.6,19.44623085,89.02127045,106.1606833,pomegranate
27,41,1.11,5.700088663,8.0,3.6,20.51343484,92.51675903,110.5764023,pomegranate
25,36,0.89,5.567805185,22.7,11.4,18.90223032,94.99897537,107.6103211,pomegranate
7,45,1.26,6.077886012,29.8,6.6,18.90592319,89.24126808,112.4750941,pomegranate
10,45,1.19,6.397995609,21.5,8.4,22.63045168,88.45577158,109.0357597,pomegranate
18,43,1.21,5.767372539,12.0,15.9,19.38603815,86.79058496,109.91309840000002,pomegranate
26,39,1.0,7.079973241,30.2,10.9,24.38318965,91.19431555,103.6012114,pomegranate
16,36,1.51,5.893332377999999,19.7,10.9,23.77989026,92.93386903,106.977723,pomegranate
20,38,1.02,7.058222596,20.6,12.1,22.59890174,93.16343942,110.0932899,pomegranate
9,41,0.96,5.78270695,19.4,8.9,24.37766782,85.4017118,106.128338,pomegranate
30,35,1.89,6.269663962999999,19.6,16.4,20.89273273,91.07776977,104.4407083,pomegranate
25,35,1.14,5.892913826,21.3,6.4,18.09903225,85.70786282,107.0050976,pomegranate
23,45,1.07,7.116538883,21.1,16.6,20.00218987,85.83618191,112.337046,pomegranate
14,41,1.27,6.430163481,26.9,13.2,19.85139326,89.80732335,102.8186358,pomegranate
17,45,1.69,7.159520979,19.7,19.4,21.25433607,92.65058936,106.2784673,pomegranate
24,39,1.05,6.431265737,16.2,6.8,23.65374106,93.32657504,109.8076178,pomegranate
28,37,1.9,6.082571701,24.1,9.8,23.88404783,86.20613842,108.3121789,pomegranate
94,46,2.17,6.149934034,33.4,30.9,29.36792366,76.24900101,92.82840911,banana
95,50,1.34,5.849076099,28.7,22.4,27.33368994,83.67675197,101.0494791,banana
92,53,1.21,6.276800323,35.3,23.1,27.40053601,82.96221306,104.9378,banana
76,54,2.02,5.926824754,41.8,22.8,29.3159075,80.11585705,90.10978128,banana
77,49,1.67,5.519088423,30.6,27.5,26.05433004,79.39654531,113.2297373,banana
94,53,1.63,6.079178787999999,26.8,27.7,25.86632408,84.42379269,114.5357503,banana
92,55,1.91,6.13465588,19.8,19.7,27.00932084,80.18546798,97.32531705,banana
89,53,2.25,5.808497603999999,32.0,21.3,29.55054817,78.06762846,99.34482238,banana
88,55,1.75,5.891458107,30.1,26.6,26.28845991,83.390039,113.8729798,banana
77,52,1.39,5.816622478999999,25.8,25.0,29.16226551,76.16151562,100.0075679,banana
88,52,1.77,5.8431631610000005,32.9,19.7,28.65003945,82.68752542,98.75084366,banana
87,54,1.91,6.376756632999999,35.5,25.7,29.07311132,76.50045221,100.1692639,banana
75,50,1.84,5.623615687000001,29.5,21.1,28.08166093,75.26429821,118.2761894,banana
85,53,1.78,5.91505509,36.3,23.6,27.1994597,78.80860679999998,99.72430835,banana
95,49,1.53,6.458714879,27.5,24.7,28.05484146,78.04602887,108.3957179,banana
79,55,1.69,5.565028635,32.4,25.8,25.14748006,83.34688193,98.66679427,banana
95,47,2.07,6.211833161,37.1,27.5,25.94019018,78.3422098,119.84797,banana
79,45,1.52,6.490074429,25.5,23.7,27.66752761,79.68542782,108.66464,banana
76,45,1.66,5.590236025,24.3,22.5,25.56703012,75.94067692,102.7867717,banana
86,48,1.66,6.225225238999999,26.6,22.9,28.6956201,82.54195839,116.1616839,banana
94,53,2.15,6.190757458999999,31.0,32.7,26.33544853,76.8532006,118.6858263,banana
78,50,1.85,5.915568968,28.5,24.0,25.93730186,78.89864446,98.21747528,banana
70,48,1.88,6.195152442,32.2,31.3,25.13686519,84.88394407,91.46442491,banana
71,47,1.55,6.156373499,34.3,24.7,27.50527651,80.79783998,105.0776992,banana
79,51,1.33,6.313197204,33.9,28.4,26.21009246,82.34429458,112.0700033,banana
78,45,1.54,6.324270089,30.0,18.0,29.10403455,79.19588629,92.07835761,banana
73,48,1.42,5.7074889870000005,35.2,22.4,29.244063800000006,77.32017166,90.66727868,banana
76,47,1.47,6.119216009,31.1,22.2,25.56202173,77.38229006,93.10247183,banana
87,48,1.66,5.571401169,33.7,19.9,26.3985515,81.36028902,98.16752001,banana
83,47,1.53,5.63127166,30.8,27.4,28.09577643,77.79586769,109.5408614,banana
91,47,2.17,6.101241579,26.7,27.3,27.84767901,83.31110751,117.2878912,banana
81,52,1.56,6.438137278999998,39.1,20.0,27.39341554,81.4654833,94.31102057,banana
74,45,2.2,6.098369122,26.7,31.0,25.14517635,81.38204104,119.218154,banana
71,48,1.98,5.695267822000001,24.9,22.2,28.65456263,79.28693687,102.4633775,banana
91,51,2.03,5.6180944460000015,35.3,23.8,29.16093424,76.67484233,109.575944,banana
71,47,1.81,6.435785799,33.8,24.5,27.57278064,82.0638878,91.34276507,banana
79,49,1.41,6.176644228,25.9,24.8,25.40909896,82.36208097,112.9794804,banana
72,55,2.16,6.220643671,38.1,26.7,25.99069521,83.33983116,112.0777152,banana
73,53,1.89,5.8717022110000014,33.7,21.7,26.29039046,81.06003778,118.6730366,banana
84,52,1.75,6.390741836,25.9,19.6,29.14827211,78.71024836,117.536781,banana
90,47,1.9,6.21084479,30.9,26.4,26.59743595,79.35898915,107.3944717,banana
70,48,1.96,6.012696655,31.2,25.9,25.36059237,75.03193255,116.5531455,banana
89,53,1.79,5.908770059,32.1,21.5,29.12036889,80.18080728,112.3982055,banana
80,52,1.91,6.049801781,33.3,21.7,27.53911354,77.25629897,110.3262123,banana
91,53,1.82,6.010095852999999,26.9,22.2,29.66727337,83.51014178,110.2511102,banana
78,46,1.46,5.738678895,36.3,27.7,25.05802193,84.97323747,110.4408803,banana
70,55,1.96,5.74055541,39.9,23.3,25.86824781,78.52399914,116.3019555,banana
86,52,2.71,5.793260262,28.9,24.9,25.85036988,81.95580471,119.08561709999998,banana
95,50,1.68,5.50947065,31.9,26.9,26.51682337,77.79913575,108.8547508,banana
90,48,1.77,5.986442306,38.9,24.8,28.66725136,79.59242542,118.2583441,banana
72,45,1.88,5.790768046,25.5,25.5,28.14938935,81.54448882,91.40508414,banana
81,55,1.76,5.915546415,27.0,21.3,26.42313317,83.69950440000002,95.12322062,banana
75,50,2.6,6.242528277999999,28.7,18.9,26.59386409,81.40740301,109.9825551,banana
81,50,1.59,6.0360792660000016,29.7,25.9,27.71822477,76.57853189,102.2099836,banana
75,45,1.97,5.829898502000001,33.4,21.7,28.98333432,82.95958244,109.022564,banana
71,55,1.9,6.088064451,25.6,21.8,29.42017919,83.96754496,117.229079,banana
94,47,1.52,6.469370954,24.1,27.7,27.39872329,81.10523402,112.1355384,banana
73,54,2.01,5.720726906,34.9,24.1,26.4020227,84.41007614,111.0162259,banana
79,45,2.03,5.80766417,21.2,27.0,27.81251452,82.69285419,99.20961514,banana
86,53,1.85,5.703381727999999,33.1,25.3,25.19640218,83.55829874,115.8586081,banana
79,53,1.5,6.165001277999999,22.5,21.5,28.31193338,75.77363772,119.695765,banana
74,50,1.97,6.002481605,33.5,19.2,25.90113128,80.47152737,110.10323,banana
75,55,1.51,6.212369363,26.4,22.7,27.48612983,76.11239849,109.2768851,banana
83,46,1.39,5.765308943,22.9,21.1,29.38254012,83.50423735,109.2486647,banana
85,51,1.83,5.740764682000001,24.1,23.6,29.22118628,81.08183635,108.8616474,banana
80,54,2.12,5.879119455,23.5,23.3,27.09062164,81.33506906,110.1331182,banana
72,51,2.11,6.099478745,27.9,22.0,26.12643374,81.81365007,104.4812858,banana
75,45,2.15,5.674403358999999,28.5,27.9,29.01207743,77.95192527,90.43495443,banana
85,49,1.93,5.694243847,28.3,25.7,27.96799119,79.28625709,119.4765557,banana
87,52,1.9,5.905494703,35.1,22.1,28.0764455,76.05522115,118.99235729999998,banana
72,46,1.81,6.110844721,29.7,26.5,25.16278237,84.97849241,90.94554618,banana
88,54,1.49,6.020445317,35.1,25.6,25.78749808,84.51194224,114.2005455,banana
79,50,1.4,6.435917308,36.0,31.8,25.34119774,84.47321314,91.06493353,banana
88,55,2.1,5.505393832999999,37.1,24.3,29.44795403,78.34971537,96.45042585,banana
74,45,1.3,5.677719902000001,20.8,24.9,26.47522633,78.51833782,113.1161095,banana
82,48,1.62,5.719014989,25.4,23.8,27.39489579,83.31172003,92.78133617,banana
91,55,1.98,6.275572297999999,22.7,22.4,25.08347445,80.26173100000003,94.32961456,banana
85,55,2.25,6.275384607,24.6,27.0,26.671983500000003,76.48541655,91.73358569,banana
88,51,1.65,6.201911642000001,32.7,27.8,25.44926208,79.49221962,100.6619171,banana
92,45,2.02,5.758054257,34.5,20.0,28.22776705,80.64303840000002,98.00403016,banana
92,47,2.13,6.3239336470000005,25.7,24.9,28.127950899999995,77.48247073,103.5045395,banana
77,46,1.88,5.901100841,32.4,25.2,28.9470467,82.1888998,95.83016448,banana
86,55,1.55,5.644486582000001,23.3,27.1,27.96236771,84.15403614,97.55986676,banana
88,52,1.86,6.235461772000001,35.7,23.8,28.00316034,78.90085998,94.68180316,banana
73,46,1.38,6.28236237,34.8,22.7,29.1400919,80.1190228,90.45142867,banana
73,52,1.9,6.356090905,26.8,29.8,27.9122104,83.36307683,90.24211529,banana
74,52,1.54,5.837258235,28.3,24.4,25.43480512,81.53977797,96.47800391,banana
89,48,1.47,5.653437902,31.7,29.6,28.55980972,84.51602322,111.0843029,banana
70,46,1.65,5.727469947,32.0,14.4,26.59580783,82.99556744,100.5123341,banana
87,48,1.79,6.200111067999999,28.4,21.1,27.19711623,77.39706290000002,99.46950465,banana
82,45,2.12,5.614471478,28.4,23.4,25.29391516,79.29122198,105.4220251,banana
86,51,1.69,6.257369799,20.4,20.0,29.90888522,76.98740841,91.99964712,banana
85,45,2.09,6.037430836,19.5,21.3,27.94972463,76.63713353,109.0921631,banana
93,46,1.68,5.760457558,38.7,26.7,25.01018457,78.76260938,108.3690513,banana
89,51,1.63,6.1581644220000005,36.5,21.4,29.21144871,84.70189923,108.5501443,banana
94,47,2.1,6.387431382999999,23.2,27.8,27.35911627,84.54625006,90.81250457,banana
81,52,1.68,5.891413895,24.9,23.2,28.0106804,76.52808057,103.7040783,banana
71,54,1.88,5.725418961,27.5,25.9,28.67208915,82.20793613,94.37987496,banana
75,55,1.63,6.281069505,33.1,25.5,27.34585147,78.48738349999998,92.15524332,banana
81,53,1.78,5.507641777999999,27.8,24.5,29.50704598,78.20585613,98.12565829,banana
40,27,1.47,5.954626604,32.3,16.3,29.73770045,47.54885174,90.09586854,mango
24,31,1.59,4.757114897,37.4,14.8,33.55695561,53.72979826,98.67527561,mango
26,27,1.45,5.6995869720000005,25.5,9.5,27.00315545,47.67525434,95.85118326,mango
22,25,1.17,5.977413802999999,19.5,15.3,33.56150184,45.53556603,95.70525913,mango
21,32,1.25,6.430139436,22.7,16.8,35.89855625,54.25964196,92.19721736,mango
19,35,1.56,6.113935087000001,21.2,10.7,34.17719782,50.62161586,98.00687989,mango
21,34,1.64,5.074272692,25.9,7.4,30.01592643,53.19212381,97.72843182,mango
17,31,1.21,5.667507706,22.8,15.7,31.74592134,45.16127859,93.75441586,mango
36,33,1.57,5.978634285,23.4,15.0,35.99009679,52.22780489,95.3713484,mango
28,30,1.32,5.064613314,18.6,12.1,31.86641378,52.19331595,98.46768642,mango
19,27,1.31,4.772385986000001,21.8,6.4,27.75518664,52.34605806,94.11213345,mango
23,27,1.18,5.161148592,22.3,12.0,34.72413192,51.4271781,97.31258083,mango
30,34,1.23,6.797779227,24.4,9.2,27.53907547,53.63549533,99.35408185,mango
27,30,0.81,6.39474303,20.3,15.7,27.69637763,48.56224879999999,89.85646496,mango
19,31,1.81,5.566704378,25.9,7.9,27.25373364,52.66319725,91.87312479,mango
28,33,1.23,5.755049971,23.3,13.6,30.33723921,48.88704844,94.42850522,mango
38,32,1.46,5.417340525,17.4,13.2,31.85744939,45.53106268,91.55845821,mango
37,30,1.43,6.166173833999999,26.1,10.2,35.39986338,49.45962621,97.41054011,mango
18,30,1.2,5.191265116,8.5,10.8,29.80747243,52.13797867,95.74606104,mango
16,35,1.14,4.954739564,16.9,13.6,34.16438906,54.16482251,98.33351125,mango
20,25,1.28,5.664587011,10.7,13.8,28.93270187,47.94053996,99.9834242,mango
25,33,1.02,5.548584852,24.4,8.5,27.98392787,53.33018851,99.61465679,mango
17,31,1.31,6.804437106,20.6,14.1,31.20478173,54.49960506,94.62954663,mango
37,28,1.34,6.097869767000001,20.7,7.6,32.13409675,50.52559148,98.63333684,mango
15,30,0.86,5.075504537,19.1,13.0,28.91862016,48.13974548,97.01331604,mango
37,30,1.12,4.546466109,25.1,12.0,31.09779147,47.41196659,90.28624348,mango
19,31,1.01,5.855119267999999,20.6,13.8,34.73823882,49.08864345,90.65022183,mango
33,29,1.4,6.442393461,31.4,10.7,29.98080499,49.48613279,91.82271568,mango
27,28,1.28,4.507523551,24.1,12.9,33.80398664,46.12866113,90.82549241,mango
16,25,1.15,6.10729559,14.3,11.2,30.07202564,50.96040505,92.09609766,mango
36,31,0.98,6.47544932,13.4,10.2,27.92063282,51.77965917,100.2585673,mango
29,34,0.99,6.832979508999999,24.9,15.1,31.40948821,49.21729127,92.99739415,mango
31,26,1.03,5.395275719,20.7,6.5,35.7877738,51.94190321,100.2160615,mango
34,28,1.15,6.13526938,24.0,15.9,33.36140093,45.02236377,98.81596545,mango
16,31,1.09,4.555688532,27.3,7.7,35.96054636,48.69677802,98.00644238,mango
30,29,0.93,6.4341977560000005,25.5,18.8,28.33333307,51.39586505,91.67241761,mango
35,31,1.45,5.316875978000001,21.8,5.3,32.27652024,50.19368841,95.99487068,mango
18,26,0.69,5.279388967,22.6,11.7,31.99490489,50.84881347,97.38741498,mango
40,26,0.97,6.720041791,22.3,13.4,27.58258929,48.56916221,95.8445641,mango
29,34,1.58,5.72742254,22.7,17.3,29.38471637,45.88744691,100.8124659,mango
38,33,1.3,4.691396195,21.4,16.7,32.38697531,53.2328243,90.21633216,mango
32,32,1.01,6.810186079,36.1,14.3,30.91471455,49.92963856,90.14047759,mango
38,31,1.41,6.454045329,24.6,19.6,35.37775595,45.58110023,97.41586402,mango
32,33,1.54,5.842763773,14.0,17.9,32.32362177,52.58967710000001,93.36718816,mango
29,26,1.2,5.024124683999999,22.5,8.5,28.22373428,47.40519056,97.76832322,mango
34,35,1.46,6.422710539,18.7,13.4,27.27433181,47.16808054,95.257992,mango
19,32,1.21,4.94295037,31.6,19.9,27.10710832,50.70880979,92.37238878,mango
17,26,1.31,6.414526606,22.3,11.7,34.89226666,48.75613373,91.63074547,mango
15,27,1.63,6.777788126,20.4,11.5,33.7462686,48.50387598,92.26439205,mango
19,25,1.59,6.441328044,19.3,12.9,27.351105600000004,54.43945147,96.27792547,mango
36,26,0.83,4.650536197,25.5,19.8,32.89300162,52.61323969,94.49161372,mango
31,32,1.52,5.254532213,29.3,10.0,35.38598705,51.42664176,90.29643888,mango
36,27,1.37,5.910634533,17.3,12.2,27.552973600000005,47.90859131,90.40332704,mango
23,30,1.53,4.755273631000001,22.5,8.1,32.82141065,47.45553843,90.89173106,mango
26,26,0.91,6.814630246,15.1,14.7,30.17294105,51.0845903,95.23444287,mango
33,35,1.92,5.342866119,28.8,6.4,29.26382931,54.82257868,100.7586226,mango
18,30,1.73,6.336234623999999,26.7,7.6,32.06097197,51.08494181,96.59816497,mango
17,26,1.21,4.754435025,27.5,14.9,28.69818144,47.71875722,99.642454,mango
34,32,0.91,6.831706773,25.1,5.5,29.14305008,49.40983294,97.55155537,mango
35,28,1.23,6.9674177660000005,27.7,13.1,28.347161100000005,53.53903102,90.40260445,mango
28,26,1.15,4.947683034,26.4,16.4,27.67256197,45.41692012,92.84991507,mango
24,32,1.69,5.630619901,26.4,16.8,28.1218093,46.16888595,93.30247448,mango
35,34,1.52,6.27339822,23.3,13.3,30.79375683,46.69536813,92.21318555,mango
24,34,1.23,6.472774648,15.9,9.7,28.89409382,54.80750249,94.76322976,mango
37,25,1.22,6.953246506,23.2,18.0,33.33024826,45.61143594,98.28583013,mango
36,27,1.29,5.6437102160000014,27.0,16.8,27.78912455,53.96886679,91.01152997,mango
18,31,1.23,6.392313972999999,25.0,12.1,31.65333432,48.20662669,91.09745581,mango
38,32,1.7,4.981816523,25.2,8.8,29.75150773,46.73723302,91.405983,mango
31,34,1.35,5.421265282999999,30.2,12.4,31.32995611,50.22287593,89.78216168,mango
29,32,1.43,6.942520105,24.7,9.4,35.63627319,48.97047762,97.51952041,mango
20,26,1.45,5.435840509,15.0,10.8,31.66524687,51.98594645,89.98024312,mango
21,32,1.62,5.870116071,23.8,11.9,32.26935342,53.56092806,95.94035356,mango
30,27,1.43,4.74910393,21.7,13.0,27.81005614,51.59445462,95.89898581,mango
38,25,1.5,5.497946899,18.4,13.1,34.58561471,50.34035336,100.3060719,mango
24,34,1.21,6.811291098,14.1,9.8,31.27180992,52.23810152,89.74409017,mango
36,29,1.77,6.460542749,23.9,8.4,33.93679864,52.72170281,97.4611918,mango
18,35,0.84,4.791146778,21.4,18.5,31.09154239,47.02058367,91.46664318,mango
16,35,1.24,6.4841522000000005,28.5,14.2,31.89356292,49.02450149,89.59371481,mango
27,34,1.44,6.526654345,15.3,16.3,32.45465292,50.69693751,95.04871605,mango
17,30,1.2,6.279133738,26.3,10.2,35.47478322,47.97230503,97.79072474,mango
29,29,1.35,6.052026047000001,23.8,12.5,27.32961444,49.30347234,93.53197359,mango
36,31,1.42,5.73171945,20.7,10.7,30.90225239,49.95955487,91.77522598,mango
27,26,1.78,5.32307197,27.2,10.3,29.09382275,45.5661059,96.23520043,mango
28,35,1.47,4.66910839,18.3,8.9,30.02086169,46.78393776,96.63721027,mango
36,26,1.61,5.101206389,13.5,16.2,34.13072188,51.25786185,96.38808001,mango
35,31,1.22,5.339556562,20.9,14.4,33.44619894,53.05980465,98.05089394,mango
21,30,1.47,5.061081874,17.9,15.5,35.3915464,52.48823147,91.22881052,mango
38,31,1.33,5.8211060360000015,15.7,12.4,31.53356352,53.06009323,98.57025046,mango
18,31,1.71,5.956027059,30.4,15.5,30.764551500000003,47.93791463,90.38503469,mango
23,28,0.94,5.676032581,24.5,16.0,30.01821337,50.09831810000001,96.08745082,mango
31,27,1.52,6.524114355,25.9,14.3,31.32863689,47.59319575,94.67344737,mango
34,26,1.28,6.2739536760000005,19.0,6.4,33.88004781,54.39416048,89.29147581,mango
37,33,1.4,6.128167757000001,22.9,15.0,28.07802689,54.9640534,97.45373619,mango
16,27,0.9,4.934964765,25.2,20.2,35.53845018,52.94641947,91.54560427,mango
24,25,1.32,5.445008416,21.7,14.1,28.70595247,50.44030129,95.8946444,mango
38,26,1.91,4.525722333,16.9,13.7,31.48451729,48.77926304,93.17221967,mango
21,30,1.06,5.403908327999999,19.3,12.8,27.69819273,51.41593238,100.7720705,mango
18,33,1.7,6.621623545,31.0,14.6,30.41235793,52.48100602,93.92375879,mango
20,30,1.19,6.207495815,34.5,11.5,32.17752026,54.01352682,91.88766069,mango
26,31,1.13,5.418475257000001,13.1,17.9,32.611261400000004,47.74916499,91.10190759,mango
130,195,1.49,6.112305667,36.1,9.1,29.99677232,81.54156612,67.12534492,grapes
144,204,1.64,6.092241627000001,24.4,16.8,30.7280404,82.42614055,68.38135469,grapes
123,205,0.71,5.896343436,31.3,16.8,32.44577836,83.88504863,68.73932528,grapes
125,196,1.19,6.15526103,27.2,11.3,37.46566825,80.65968681,66.83872293,grapes
131,196,1.03,5.732453638,21.7,7.5,22.03296178,83.74372787,65.34440794,grapes
123,198,1.46,6.253034534,30.0,11.5,39.64851881,82.21079946,70.39906054,grapes
140,197,1.3,6.106190557000001,22.7,15.1,16.77557314,82.75241875,66.76285469,grapes
122,195,1.01,5.647202395,19.6,17.7,12.14190714,83.56812483,69.63122027,grapes
123,203,1.18,6.130310493,34.1,14.2,12.7567962,81.62497448,66.77844567,grapes
134,204,0.92,6.499604931,30.1,16.2,39.04071989,80.18393287,73.88467027,grapes
130,197,1.42,5.554831977,30.0,11.7,39.70772192,82.68593454,74.91506217,grapes
145,205,1.16,5.800242694,23.1,9.5,9.467960445,82.29335466,66.02765219,grapes
122,201,1.12,5.570290539,30.7,14.8,29.58748357,80.91934392,68.06417307,grapes
139,203,0.8,6.27564088,16.2,19.8,17.82803682,80.96093443,65.84748763,grapes
141,204,1.17,5.536645599,20.8,13.0,8.825674745,82.89753705,67.235765,grapes
138,195,0.76,6.208196881,31.1,12.6,27.83487131,83.51444973,73.02882766,grapes
144,202,1.61,5.870600622,24.3,19.0,11.02105378,80.55557235,68.23963161,grapes
136,205,1.28,6.334771461,28.3,16.5,17.5862944,80.84806564,71.40654520000002,grapes
122,197,1.39,5.856575335,25.7,13.2,19.89363946,82.73366439,69.66256816,grapes
136,204,1.77,5.898944282,19.5,14.0,29.93707596,81.77713468,65.52279323,grapes
145,201,1.2,5.775600435,26.0,12.5,36.73126647,80.58931938,72.24230804,grapes
132,197,1.29,5.931101816,23.2,8.5,20.42094753,81.54185044,66.93065667,grapes
133,198,1.2,6.2286454,18.5,7.9,25.51939719,83.98351748,69.17281221,grapes
121,201,1.24,5.594240602999999,26.4,15.8,30.50734778,82.71775569,70.08200379,grapes
125,199,1.37,5.569230319,14.3,9.2,18.426993600000007,80.55625868,69.75734306,grapes
140,205,1.79,5.93202852,18.8,16.1,12.087022,83.59398734,68.66813363,grapes
132,203,0.99,6.423216506,24.4,11.8,23.60115364,82.48336987,73.23901752,grapes
126,197,1.37,6.417500829,24.7,12.4,12.80000387,81.20876367,67.10439401,grapes
120,200,0.88,6.234904253,25.3,9.8,38.06099482,82.24729637,65.70148216,grapes
142,197,1.33,6.000573725,37.1,18.7,39.06555518,82.03812973,69.30772897,grapes
135,203,1.42,5.6851027689999984,23.6,7.2,33.78372897,81.16314317,74.53557341,grapes
126,203,0.8,5.662140095,30.4,11.2,16.76201707,82.00335557,73.28712806,grapes
139,198,0.99,6.358186848,23.2,10.3,35.89307536,82.66850729,66.53946559,grapes
141,202,0.83,6.119495295,23.7,10.9,21.01245395,81.17931863,66.38448261,grapes
142,196,0.98,6.207600782999999,20.1,15.8,10.89875873,80.01639435,68.69420397,grapes
129,201,1.13,6.48754639,23.1,16.1,16.36251869,83.00471609,71.55665483,grapes
134,199,1.16,5.81717753,22.6,15.6,20.28370163,81.32235739,71.06611222,grapes
138,204,1.4,6.325480034,23.3,14.3,25.11108456,83.25447587,73.01026829,grapes
131,198,0.97,5.562790949,19.7,16.7,33.4641162,83.86742974,67.92204319,grapes
122,204,1.33,6.487369687,26.3,15.0,11.7976469,80.86325389,65.06962486,grapes
126,201,1.21,6.116982944,27.5,17.3,11.36300891,80.03100049,71.18289431,grapes
128,204,1.47,5.695792761,23.5,18.9,25.23542319,80.68700527,67.03840888,grapes
132,197,1.27,5.7343170070000005,27.2,15.0,15.99050693,81.23966573,74.40198861,grapes
137,195,1.27,6.329499832000001,20.3,16.5,22.4359017,80.18612085,65.3973168,grapes
123,200,2.05,6.167013532,22.1,14.2,34.76086052,81.03544763,65.70430027,grapes
136,197,1.07,5.653776057999999,21.6,19.4,31.11047251,83.34010951,71.43001582,grapes
134,200,1.0,5.840256272,21.6,8.4,28.57828803,80.95628959,73.34232097,grapes
139,201,0.97,5.5399808120000005,15.5,16.2,41.18664903,81.01783402,68.68895899,grapes
127,196,2.04,5.833302165,22.2,8.2,27.02766138,83.17093908,70.95666003,grapes
138,203,1.47,6.399433771,20.4,18.5,21.19339319,82.33098331,74.62834921,grapes
120,204,1.12,6.138958698,20.8,13.4,10.38004759,83.44518113,67.39173790000001,grapes
142,203,1.43,5.972850837999999,22.9,12.3,31.3115978,82.56407013,65.01095312,grapes
133,195,1.14,6.456079585,17.6,15.4,20.46657776,80.97598029,71.29813872,grapes
139,199,0.66,6.3364266670000005,21.8,16.7,29.36947679,81.53996362,66.13442813,grapes
134,202,1.29,6.425419926,27.0,13.8,10.72302459,80.02130636,65.29821120000001,grapes
140,195,1.55,6.2943956760000015,28.6,15.6,14.97846952,80.49979873,71.63437433,grapes
127,202,1.48,6.477768039,27.8,12.5,15.3246651,81.67215994,71.60102999,grapes
120,195,0.8,5.931538447,26.1,15.9,18.73932187,81.12109244,73.55807954,grapes
139,201,1.53,5.980598579,19.3,10.8,19.3642553,83.36094029,67.15094741,grapes
136,195,1.34,6.389783283,23.6,7.4,41.20733624,81.61051026,65.90227462,grapes
139,203,1.31,5.693287415,14.7,10.7,33.34214482,82.51034633,70.68098614,grapes
133,201,1.61,6.00299607,33.1,9.7,23.81995682,80.12211649,67.27398640000001,grapes
130,196,1.1,6.372959542,24.2,20.2,40.66012294,81.24995984,74.03030056,grapes
135,205,1.05,5.510924848999999,21.6,19.4,11.82768186,80.2827185,74.10225057,grapes
140,195,1.09,5.69945282,27.6,8.8,13.28504331,83.54193816,65.80006004,grapes
132,196,1.15,5.778594403,15.7,10.3,35.83089092,83.32560104,73.67984885,grapes
121,199,1.45,6.315586313,23.8,12.9,26.18159716,81.03886263,66.05911698,grapes
132,202,0.98,5.9718130060000005,22.9,15.1,24.57558351,80.70695797,69.706113,grapes
142,203,1.49,5.891195653,10.9,11.1,29.67229086,83.71498986,66.48490371,grapes
121,199,1.25,6.129812716,23.5,15.4,39.37102553,81.25353895,74.08101744,grapes
140,205,1.28,6.313085601,22.5,12.2,17.66558428,82.92903419,69.8671263,grapes
120,196,1.13,6.053662544,29.7,11.4,24.06679352,82.66396666,69.81855775,grapes
133,202,1.18,5.804799142,24.9,19.5,15.31413469,80.09711412,74.82144653,grapes
135,199,1.11,6.400719746,28.8,18.3,21.77466746,80.54942557,69.39630398,grapes
145,199,1.18,5.953966361,22.9,12.8,26.91624843,80.76838926,69.30927185,grapes
136,201,1.12,5.6092559920000005,28.3,14.8,41.65602996,82.22118237,74.19664838,grapes
129,195,1.27,5.777271492000001,18.4,10.6,17.98667801,81.17712085,72.37127689,grapes
130,201,1.84,5.682395429,23.1,11.3,29.12033769,82.79092939,68.8503047,grapes
129,203,1.63,5.863996687,25.4,16.0,34.38922481,83.18392806,71.03001556,grapes
135,203,1.16,6.444373116,22.4,13.4,41.36106301,82.79782954,69.92107482,grapes
120,205,0.79,5.550832177999999,23.6,15.0,35.12158265,82.26890793,69.71518491,grapes
125,204,1.76,6.107741787999999,24.4,5.8,19.6491772,80.15215777,73.69529586,grapes
132,200,1.17,5.620745638,37.7,17.0,16.27852801,82.94270065,66.57462809,grapes
140,203,0.96,6.349875906,27.0,11.4,21.11903604,80.63399198,69.27779761,grapes
145,202,0.79,6.484323189,22.3,14.3,19.2077707,82.90428409999998,66.83113717,grapes
128,200,0.64,5.838748311,18.3,14.0,25.96308415,82.57813624,70.31782647,grapes
139,199,1.08,6.29099842,26.0,9.7,25.67385024,81.6212135,74.10919422,grapes
122,196,1.41,5.638328481,18.1,19.7,41.94865736,81.15595212,73.06862952,grapes
144,197,0.69,6.415555956,18.5,15.5,11.18994268,80.8084305,66.34234944,grapes
120,197,1.7,6.323722572,25.6,16.0,17.5438296,82.94703302,73.77063744,grapes
141,198,1.21,5.757009965,18.9,12.3,13.05809741,80.28297993,70.75633584,grapes
121,203,0.84,6.1586894060000015,17.6,15.4,9.724457611,83.74765639,74.46411148,grapes
125,204,0.86,5.7335398070000005,25.6,9.4,27.92004934,82.93262435,69.92092839,grapes
138,197,1.29,5.908724337000001,21.6,18.9,9.535585543,80.73112694,69.44115171,grapes
124,204,1.3,6.361141107000001,30.2,11.4,13.42988625,80.06633966,71.40043037,grapes
138,200,1.22,5.96537863,19.1,12.6,9.851242629,80.22631717,68.42802444,grapes
143,201,1.12,6.476757723,20.4,9.7,24.97256132,82.72828653,66.70016285,grapes
142,202,0.78,6.224542938,12.3,10.3,27.23708304,82.94573346,70.42508897,grapes
124,195,1.39,6.209928251,16.0,9.2,18.70679077,83.4795292,66.5964488,grapes
134,204,1.74,5.841138354,20.8,15.1,9.949929082,82.55138983,66.00817551,grapes
25,51,1.69,6.283818329,21.3,4.7,26.47330219,80.92254421,53.65742581,watermelon
19,55,1.43,6.818261382999999,9.9,18.6,25.18780042,83.44621709,46.87420883,watermelon
30,50,1.02,6.37620108,12.8,6.4,25.29954705,81.77527562,57.04147057,watermelon
8,50,1.05,6.581587932000001,24.8,18.5,24.74631269,88.30866319,57.95826144,watermelon
22,52,1.36,6.932739726,11.4,3.0,26.58740671,81.32563243,41.87540028,watermelon
26,55,1.43,6.140099215,16.4,7.7,24.53442564,88.989272,49.11618732,watermelon
27,45,1.57,6.467095849,20.0,11.1,26.0713757,88.7285657,57.79652846,watermelon
22,53,1.41,6.849471704,12.5,12.3,25.96534238,89.77076659,59.46338556,watermelon
22,45,1.5,6.512196212,22.4,12.8,26.22338015,85.34866045,54.60159289,watermelon
13,54,1.07,6.039584629,10.8,7.4,24.41311871,89.81574032,44.07843475,watermelon
25,53,1.18,6.057697106,21.8,11.2,26.49195283,80.04678201,57.72799157,watermelon
15,47,1.83,6.423898762,20.0,10.7,24.04355803,84.18406764,53.78929956,watermelon
10,47,1.86,6.936997681,20.3,10.2,25.5421695,83.31883376,57.57343233,watermelon
9,50,1.94,6.251286661,18.6,8.9,26.74550678,83.9195902,40.794305,watermelon
17,46,1.25,6.190015912000001,21.5,14.3,25.7131428,80.22972777,43.08961827,watermelon
12,51,1.48,6.681606702000001,24.5,3.1,25.76484262,84.17269959999999,44.22066914,watermelon
14,52,1.48,6.51075991,17.8,7.5,26.79489868,89.64815231,57.74091817,watermelon
21,55,2.22,6.770278088,17.7,8.6,24.9004602,89.73524177,57.44942094,watermelon
18,50,1.51,6.429788072999999,8.0,7.3,26.80750629,88.22874955,58.79889057,watermelon
17,51,1.79,6.209888345,14.9,7.1,25.11189154,80.02621335,44.20656987,watermelon
14,50,1.89,6.419052193,24.7,11.8,26.2148837,87.68839820000002,59.65590798,watermelon
8,52,1.36,6.237861736,16.8,7.2,24.9103226,86.97190046,49.48575692,watermelon
19,49,1.2,6.762471628999998,12.8,7.8,25.79448878,84.26830701,56.45229202,watermelon
16,55,1.19,6.612847999,10.2,10.8,25.26931156,87.55055105,40.12650421,watermelon
29,52,1.57,6.704688865,26.5,7.7,25.76402693,87.5931128,46.05122728,watermelon
9,45,1.59,6.049609892,19.6,9.1,25.85483596,89.13163965,46.85176955,watermelon
21,50,1.72,6.762030215,21.9,11.1,24.33528185,81.44030363,48.32113628,watermelon
5,54,1.42,6.65398725,16.2,5.2,25.37601283,80.99313508,57.23028471,watermelon
28,54,1.26,6.738030547,14.9,6.1,24.86094646,85.05318563,55.29563514,watermelon
29,51,1.63,6.095689937,24.0,6.8,24.71885473,88.94568335,48.45978627,watermelon
15,45,1.59,6.538006356,12.8,8.9,24.21495706,84.20576992,48.01138482,watermelon
21,48,1.29,6.377427122,21.0,7.6,25.81692236,82.043255,54.82963379,watermelon
14,45,1.8,6.417011754,16.8,7.7,24.47018505,84.16390229,57.26773002,watermelon
5,47,1.12,6.649086972,19.3,13.1,24.13078816,84.84494575,51.19470197,watermelon
8,51,1.58,6.25933595,29.2,15.0,26.1793464,86.52258079,49.43050977,watermelon
22,46,1.41,6.121168559,16.4,11.6,26.17668721,86.72952049999998,53.33484977,watermelon
7,55,1.25,6.031424482,23.8,11.3,26.03867719,84.6378378,44.3993381,watermelon
27,48,1.58,6.835268183999999,21.4,16.0,26.53259325,82.39053979,54.30660782,watermelon
10,53,1.55,6.5517503060000015,17.4,15.3,26.81938687,87.8274604,46.06193778,watermelon
16,46,1.79,6.940236218,16.4,10.0,25.50405534,81.40297428,48.47833278,watermelon
18,52,1.56,6.87606733,19.8,5.3,26.20234499,80.38266489,56.47941847,watermelon
7,53,1.04,6.457216535,13.6,6.6,25.13735887,89.28272716,43.52897517,watermelon
6,53,1.31,6.921847887999999,21.2,9.4,25.92030221,83.47202566,42.10681516,watermelon
5,52,1.56,6.8814257460000015,11.9,8.4,26.6634609,89.98405233,57.40847165,watermelon
16,49,1.68,6.915717008,21.0,7.5,24.06731461,81.64075303,51.75212401,watermelon
20,48,1.55,6.206247493999999,29.0,9.9,24.6774157,82.75411437,57.05709413,watermelon
25,47,1.29,6.29542477,17.1,10.3,26.11440416,87.64081095,58.48160844,watermelon
7,51,1.45,6.399669044,17.8,4.9,26.81530456,87.65694462,55.74073582,watermelon
28,54,1.21,6.862157042000001,17.3,9.4,25.15623099,80.27525115,55.49541453,watermelon
25,52,1.33,6.224066378,17.1,10.2,25.2801372,83.15393658,49.29456609,watermelon
25,50,1.77,6.093814669,17.5,11.4,26.22005978,80.90127035,49.08553937,watermelon
16,45,1.34,6.291540277999999,20.9,11.3,24.92093261,80.61750795,50.55710813,watermelon
12,46,1.76,6.32281728,21.6,12.1,26.21667586,81.01009354,54.65423596,watermelon
23,49,1.47,6.873283991,19.2,13.7,26.81383586,87.21986949,51.70497792,watermelon
25,51,1.3,6.074209622000001,14.9,10.6,24.31334971,87.47409052,48.11248366,watermelon
28,46,1.62,6.49889585,13.9,9.7,24.29105004,88.04541346,51.26046418,watermelon
21,51,1.47,6.678805092,8.0,9.2,24.42998931,86.33904774,48.58241822,watermelon
20,45,1.45,6.114128685,17.2,15.0,25.66576039,88.6984228,54.22722466,watermelon
7,52,1.14,6.405054243,13.9,3.0,25.07803672,83.46230461,56.39962921,watermelon
6,55,1.36,6.110142735,16.0,8.2,24.88910524,85.87059083,51.70699144,watermelon
13,54,1.83,6.828982708,22.3,10.3,25.42900869,82.91481799,56.34144589,watermelon
17,55,1.39,6.451499763999999,23.1,9.9,24.37118217,87.1269128,44.63907691,watermelon
6,53,1.25,6.313512998999999,9.4,8.5,26.493064500000006,88.59143088,46.06382209,watermelon
10,49,1.73,6.755192025,29.4,10.2,25.83202912,89.00481725,45.24690619,watermelon
11,46,1.27,6.623167177000001,12.1,11.9,24.41592661,89.39655519,40.32161859,watermelon
25,52,0.97,6.12532356,20.8,12.9,24.37190239,81.2514818,44.20899581,watermelon
7,47,1.63,6.653867608,16.9,12.0,24.24782473,83.03687902,54.76576239999999,watermelon
12,46,1.55,6.343942518,14.1,16.5,24.64458469,85.49938185,48.31219031,watermelon
22,52,1.39,6.217300786,21.9,3.0,24.89681131,86.10782926,53.14626213,watermelon
19,46,1.88,6.286387658,25.3,10.1,25.41864024,81.12122989,49.52320689,watermelon
22,50,1.67,6.769893799999998,20.8,7.8,26.26028739,86.14585891,58.97878791,watermelon
30,50,1.66,6.744966312000001,14.0,7.9,24.90123934,87.20772913,46.59207341,watermelon
14,52,1.84,6.391858432,22.9,7.5,24.84740848,89.20454622,59.67927244,watermelon
23,47,1.28,6.770434148,14.8,12.6,26.98212846,86.70068316,42.91292205,watermelon
16,45,1.2,6.727468157000001,19.8,12.6,26.90435747,86.25426228,59.75980023,watermelon
5,47,1.47,6.662244646,23.1,8.9,25.86475496,86.67468041,41.16554802,watermelon
7,45,1.44,6.944640222,13.1,13.6,26.70607759,81.14149505,51.51033554,watermelon
18,50,1.27,6.507110986,19.7,9.8,26.44019475,80.91934337,47.81847573,watermelon
5,55,1.18,6.520663422,15.0,14.8,26.283443,84.42478917,50.78669728,watermelon
23,51,1.56,6.106500787000001,13.0,11.1,26.84366082,83.85039964,40.228644,watermelon
30,50,1.46,6.277484042999999,35.3,11.0,26.03967219,83.9862443,43.87712348,watermelon
10,53,1.39,6.195142279,25.1,3.6,24.92994759,85.00802358,48.75859458,watermelon
11,51,1.53,6.792035575,28.0,9.6,25.50736962,84.24340241,44.2068997,watermelon
21,55,0.98,6.472756256,16.0,15.1,25.4438391,87.93923120000002,57.51549686,watermelon
6,45,1.61,6.000975617000001,13.8,7.6,26.12588914,86.5507939,40.71210074,watermelon
20,55,1.33,6.5877912620000005,19.8,14.7,25.10474753,87.52676159999999,59.26519444,watermelon
7,48,1.82,6.956508826,20.3,5.3,26.27520631,86.63249555,54.38748495,watermelon
24,55,1.1,6.259086582999999,20.7,5.3,26.27061608,83.09194521,46.76837499,watermelon
21,54,1.43,6.747537642,19.5,6.0,26.73690828,87.82430156,47.46447019,watermelon
25,51,1.19,6.932537231,17.5,11.8,25.04746944,85.5667282,56.72496677,watermelon
25,54,1.82,6.353107392999999,21.0,10.3,24.69368934,85.56967628,48.99390828,watermelon
10,53,1.28,6.211748957,12.6,8.2,24.54356968,84.60808277,42.00660251,watermelon
22,54,1.62,6.277245253999999,19.7,3.0,25.89762315,81.96664832,54.49960057,watermelon
14,50,1.26,6.560443519,24.0,10.3,26.6333118,84.31756844,56.31866159,watermelon
30,49,1.07,6.903020221,29.8,9.9,25.35794749,80.45846265,47.72078245,watermelon
12,47,1.62,6.765094963999998,20.0,8.7,25.28784623,89.63667876,58.28697664,watermelon
7,45,1.28,6.189213927000001,28.6,13.5,26.63838589,84.69546874,48.32428609,watermelon
18,50,1.75,6.904241707000001,20.9,6.5,25.3310446,84.30533791,41.53218699,watermelon
23,55,1.88,6.463271076,13.8,11.0,26.89750174,83.89241484,43.97193745,watermelon
24,47,1.01,6.260838965,8.0,11.1,26.98603693,89.4138489,58.54876687,watermelon
17,55,1.16,6.776533055,9.1,11.9,27.57826922,94.11878202,28.08253201,muskmelon
27,48,2.04,6.528404377999999,25.9,9.1,27.82054812,93.03555162,26.32405487,muskmelon
25,52,1.4,6.750145572,23.4,13.9,29.09910406,94.22237826,22.52497327,muskmelon
18,52,1.3,6.562832807,19.2,11.1,28.04943594,90.83130708,20.76223014,muskmelon
26,45,1.57,6.117530021,18.3,9.6,29.91690582,94.55695552,28.16057247,muskmelon
25,49,1.81,6.076459669,25.0,11.7,29.86895762,93.25103208,26.26243014,muskmelon
24,53,1.92,6.293486295,17.1,15.7,29.17220859,92.21405224,21.30290472,muskmelon
30,51,1.56,6.069171847000001,35.4,5.8,29.24908541,90.06998135,25.93496537,muskmelon
6,52,1.19,6.740983646,21.1,11.4,27.76317235,90.35567642,25.21609113,muskmelon
26,52,1.99,6.201797639,15.7,13.2,28.82629037,94.26765349,26.23838511,muskmelon
30,48,1.75,6.041027474,22.5,6.6,28.52379742,92.09688432,29.86681385,muskmelon
9,52,1.82,6.019372459,25.1,12.1,29.06785065,90.97685539,29.1194739,muskmelon
7,45,1.46,6.704104127000001,20.1,9.7,29.08417927,90.73891887,25.33014238,muskmelon
21,55,1.59,6.494251024,19.2,7.0,28.47090661,94.79453182,21.08484101,muskmelon
26,45,1.09,6.224535448999998,15.2,10.8,28.27973674,90.38971208,21.58992507,muskmelon
27,55,1.39,6.160414414,20.1,11.8,28.47212559,91.21322065,20.88620369,muskmelon
5,55,1.21,6.168757984,26.3,9.1,29.68846716,94.30111601,26.83924845,muskmelon
14,51,1.27,6.085444691,21.4,3.6,27.02415146,91.66737633,21.26034986,muskmelon
18,48,1.16,6.1590508160000015,23.9,3.9,29.09588297,94.16748386,26.70581328,muskmelon
14,48,1.74,6.606033244,26.6,8.7,29.69238699,92.58862544,29.1102594,muskmelon
9,53,1.49,6.447662945,24.6,8.4,28.20619412,92.86798698,28.78654515,muskmelon
6,53,1.66,6.105909623,15.6,8.3,29.05248036,93.92217834,23.66620626,muskmelon
12,46,1.16,6.559763394,20.7,14.1,29.57240298,93.61870344,27.56918621,muskmelon
13,47,1.34,6.14410903,12.6,6.2,29.10968327,92.43510994,27.95602304,muskmelon
25,50,1.52,6.099662369,28.2,11.4,28.20480805,92.91440379,20.36001144,muskmelon
25,53,1.28,6.413927319,22.8,9.2,29.11858526,92.12543021,24.52020164,muskmelon
21,52,1.29,6.0751441160000015,14.2,14.9,29.62800691,90.10051615,23.69586761,muskmelon
25,55,0.64,6.123802502,23.0,8.4,29.81196601,90.36881284,22.68766503,muskmelon
24,54,1.28,6.698468621,27.5,7.5,27.72338349,90.93897939,22.81863447,muskmelon
25,50,1.2,6.088885814,18.3,11.4,29.26092798,92.92367701,28.70627683,muskmelon
17,48,1.27,6.367800632000001,11.1,7.0,29.72791119,94.29753295,26.52364146,muskmelon
25,54,1.78,6.425930938,19.4,11.6,28.91105641,90.78413842,23.44398467,muskmelon
25,51,1.32,6.469983276000002,15.7,15.9,28.96361426,93.88482153,23.56130173,muskmelon
11,54,1.34,6.094016337999999,16.8,13.8,28.59052369,91.33617236,29.44008034,muskmelon
26,52,1.18,6.150090898999999,16.0,10.0,27.33897716,90.69759008,28.69113835,muskmelon
17,52,1.4,6.646962425,20.3,17.3,29.90415889,90.75284363,25.37828397,muskmelon
25,46,1.5,6.379690748,8.0,11.1,27.42711692,90.02696201,21.7508774,muskmelon
8,46,1.41,6.732834334,19.2,10.9,29.55657523,90.70937262,28.36535596,muskmelon
13,46,1.39,6.126019932,18.7,12.1,29.84070774,93.76312893,23.28207838,muskmelon
22,47,1.24,6.161123579,14.3,20.6,28.53545677,91.72742702,25.1290048,muskmelon
13,52,1.19,6.442810053,19.5,4.8,27.11535046,94.86907886,26.51924782,muskmelon
23,55,1.43,6.732049075,14.3,8.5,27.84492803,91.60666594,26.47844429,muskmelon
22,47,1.71,6.243673725,21.4,12.0,29.03157242,91.82172592,24.93861254,muskmelon
23,45,0.87,6.266208727,28.2,5.8,27.82424457,90.56698742,21.19014526,muskmelon
10,49,1.86,6.350623739,24.1,12.0,27.72653142,92.00687531,20.21126747,muskmelon
12,52,1.14,6.002927293,19.8,8.4,28.69708334,94.30759855,22.21807088,muskmelon
20,51,1.41,6.342573112,17.8,3.0,29.73019662,90.97015715,20.49035619,muskmelon
11,53,1.74,6.163921247999999,18.6,8.3,29.54097171,92.91778307,21.9653077,muskmelon
19,55,1.23,6.121745389,20.8,6.9,28.80311922,91.78336933,25.16359891,muskmelon
26,49,0.72,6.130160472999999,21.0,11.8,27.29035669,90.53330091,23.49535234,muskmelon
20,48,1.34,6.440584681,13.3,10.3,27.46583649,94.87679041,27.27899847,muskmelon
17,47,0.96,6.185053234,13.9,7.4,29.49401389,94.72981338,26.30820876,muskmelon
7,45,1.65,6.157724816,17.2,8.4,27.79161808,92.51054946,26.85422624,muskmelon
22,48,1.99,6.776987974,20.8,11.2,29.12533739,91.52291141,21.90440445,muskmelon
21,47,1.29,6.431970877,16.0,3.0,27.93114233,93.56161439,20.66127836,muskmelon
12,48,1.69,6.708743843,21.2,9.4,29.45771748,92.12534736,20.76212031,muskmelon
12,47,1.36,6.010739645,22.7,4.6,27.96872279,92.17444796,28.94766949,muskmelon
14,49,1.22,6.365956657999999,13.3,16.2,29.48882958,91.07574233,26.01909355,muskmelon
9,47,1.66,6.6683827660000015,8.0,4.7,29.47156259,90.77069618,28.75226067,muskmelon
16,46,1.36,6.74669542,16.6,5.4,27.076726500000003,90.14362622,24.4514648,muskmelon
7,45,1.98,6.031665834,20.6,11.7,27.30008597,90.80015308,25.09484511,muskmelon
6,45,1.19,6.40077205,22.6,8.7,29.82729394,90.79007335,22.84203589,muskmelon
20,50,1.31,6.448792688999999,22.1,4.3,29.93061247,93.22980899,24.34814338,muskmelon
29,49,1.88,6.251420275,19.9,14.5,29.94349168,93.90741192,20.39020503,muskmelon
5,47,1.08,6.2744528110000015,14.4,5.9,28.03306461,91.47355778,21.17924769,muskmelon
5,52,1.48,6.135996372,19.3,8.4,29.8843055,94.0371147,21.0000988,muskmelon
15,54,1.1,6.194090172,12.7,9.8,27.7058373,92.91185695,22.06207161,muskmelon
11,47,1.26,6.327822962000001,15.6,15.4,29.78714005,94.65343534,27.8659442,muskmelon
15,48,1.38,6.2125672110000005,25.4,8.1,28.57819995,92.86597437,27.598717800000006,muskmelon
30,52,1.47,6.640470862999999,18.7,4.1,29.48069921,90.33698678,26.0365768,muskmelon
12,52,1.83,6.685553129,18.3,12.6,27.51492243,94.96218673,21.01796432,muskmelon
25,50,1.17,6.327210469,18.2,7.0,28.05457761,94.81637388,21.84869328,muskmelon
11,45,1.77,6.35544263,20.6,11.3,29.03167341,93.12603235,24.15591199,muskmelon
5,55,1.81,6.085682343999999,24.8,12.7,28.5854649,91.89216849,26.88372572,muskmelon
18,46,0.97,6.781050372999999,15.5,6.5,27.08808014,93.42402083,25.32159689,muskmelon
22,54,1.62,6.630301421,19.9,5.1,27.99611732,90.84660317,21.61893763,muskmelon
18,52,1.34,6.484799661,11.5,9.8,27.87317436,91.14849627,24.05207925,muskmelon
18,45,0.9,6.566759102000001,21.6,11.3,28.96586565,90.71832938,22.25838137,muskmelon
28,48,1.97,6.170520517999999,23.2,8.5,28.87726019,92.48839665,24.44267592,muskmelon
18,53,1.65,6.0124803510000016,12.0,6.6,29.17052093,94.19790371,22.06994464,muskmelon
20,54,1.5,6.541150335,8.2,9.9,29.34033587,90.01506395,21.44532907,muskmelon
22,47,1.09,6.341400922,19.5,6.2,29.07265321,91.91533173,28.83568362,muskmelon
25,54,1.53,6.150686363999999,19.1,14.9,28.68275966,92.50969311,29.11187663,muskmelon
15,49,1.4,6.438008152999999,15.2,9.1,28.92705913,91.39356832,23.20076686,muskmelon
16,51,1.0,6.547041902999999,21.0,12.1,27.99901833,91.64193051,23.28618248,muskmelon
5,50,2.14,6.399891457000001,15.9,9.1,27.59350075,91.79742953,24.84266123,muskmelon
21,47,1.23,6.186770318,20.1,11.3,29.87331077,90.60932469,24.69720481,muskmelon
23,54,1.38,6.159020864,24.4,7.8,28.55852465,90.45773041,27.26588346,muskmelon
29,55,1.7,6.660954816,21.7,10.0,29.19378695,91.46241065,26.48240255,muskmelon
11,47,1.31,6.504906978999999,31.1,7.1,27.98780984,92.78226196,27.14509034,muskmelon
18,51,1.49,6.706053225,15.2,16.2,28.05380704,91.81758779,20.76582087,muskmelon
21,52,1.67,6.067665497999999,15.6,11.8,27.350629600000005,94.29119509999998,27.21244021,muskmelon
8,52,1.48,6.419083092,16.4,12.7,29.34081108,94.5513539,28.22908103,muskmelon
6,46,1.52,6.39637861,20.1,9.9,28.61475136,94.22253035,28.98574189,muskmelon
25,50,1.53,6.375923383,20.1,10.2,27.04863538,91.34685096,25.08146686,muskmelon
13,55,1.21,6.700337732,27.5,6.3,29.5275305,94.57459443,21.13545688,muskmelon
26,47,1.53,6.565312652999999,17.4,16.2,28.50416396,93.46806467,24.20007242,muskmelon
21,52,1.13,6.286515359,15.3,6.6,28.89578588,94.78993038,23.0362503,muskmelon
15,52,1.5,6.448061578,12.1,8.3,27.04927452,91.3821731,23.65747461,muskmelon
16,54,0.75,6.585872508,20.2,8.2,28.96017885,91.69532178,24.7458198,muskmelon
128,196,0.85,5.521466996,30.4,15.4,22.75088787,90.69489172,110.4317855,apple
144,197,1.54,6.133220586,21.5,25.6,23.8494014,94.34814995,114.0512495,apple
128,205,1.52,6.226289556,20.0,16.8,22.60800988,94.58900601,116.0396587,apple
120,201,1.48,6.321152192,23.7,19.4,21.18667419,91.13435689,122.233323,apple
129,201,1.68,5.587905967,21.3,20.3,23.41044706,91.69913296,116.07779309999998,apple
137,204,1.59,5.824151692999999,29.0,19.4,22.86006627,93.12859895,117.7296726,apple
139,205,1.21,5.7721799460000005,16.3,16.3,22.48403042,93.40819246,105.5473627,apple
123,205,1.4,5.790993052,24.3,20.3,22.02775403,92.96129462,121.1349176,apple
144,196,1.61,6.4992268210000015,19.1,19.2,21.91191314,91.68748063,117.0761277,apple
124,199,1.36,5.658473817000001,21.5,25.0,23.71059131,93.27392415,112.66765890000002,apple
122,197,1.57,5.573241391,26.5,26.3,21.37784654,92.72043743,106.1417017,apple
121,196,0.85,6.079497202000001,25.0,21.3,22.84852833,94.32130209,123.5977843,apple
126,204,1.03,6.3831802710000005,26.5,16.1,23.1094265,92.79630809,108.183792,apple
139,199,1.51,5.867420996,30.3,21.0,23.25230817,94.54128292,105.3558408,apple
133,200,0.74,5.708418722,20.2,22.0,23.67287749,90.4935574,104.2298028,apple
143,199,1.31,5.7983508000000015,11.5,24.3,23.76881552,90.59810302,102.2648546,apple
140,198,1.34,6.28188384,20.9,23.5,23.34386401,91.47684705,104.4267991,apple
137,199,1.1,5.697945522,21.6,21.3,22.63946441,90.18451645,108.3405879,apple
121,203,1.83,5.6059340870000005,33.1,21.3,22.45696744,94.76285385,114.8407725,apple
144,195,1.44,5.85648105,29.0,15.6,22.96388477,93.58065995,104.64729859999998,apple
128,205,1.49,6.041053829,21.3,21.1,21.07273439,93.56585985,107.8737015,apple
128,198,1.23,5.685062404,27.5,20.4,22.44075021,92.70785115,121.4977331,apple
143,196,0.38,5.669489065,25.9,22.2,22.71271308,90.45261746,109.8852597,apple
140,198,1.43,5.751707342,24.5,25.7,21.70416965,93.44006288,115.1781396,apple
144,204,1.39,5.800448951,27.2,23.7,22.43324518,92.48667725,119.1025189,apple
141,203,1.41,5.821347769,20.5,11.5,21.25941052,92.84416234,109.06584709999998,apple
144,197,1.16,6.28022267,28.8,18.8,22.9215706,94.89613443,105.6941544,apple
143,198,1.54,6.027314401,25.7,24.5,22.81212536,91.51861705,107.855225,apple
137,200,1.21,5.636687393,27.3,21.8,21.12152071,90.6878768,102.8017203,apple
144,198,1.75,5.559363609,16.5,18.4,21.11478672,90.31528693,104.5086618,apple
126,196,1.55,5.596449493,32.7,20.8,23.59997268,90.97597665,107.17281909999998,apple
120,203,1.21,5.893492998999999,28.8,23.0,23.12652652,94.71203306,108.62118329999998,apple
143,197,1.19,5.875718516,26.7,24.1,22.98458907,93.3204487,122.1952483,apple
141,201,1.87,6.386021424,28.7,20.2,22.12659387,90.97818277,104.5412275,apple
142,202,1.28,5.710819862,27.8,19.6,22.53779727,91.48135786,101.8474768,apple
138,195,1.36,5.7959857160000015,19.7,24.5,22.49095104,91.70292746,124.3915101,apple
125,204,0.96,6.046673619,22.8,20.3,22.35548159,94.47811755,116.7366261,apple
121,196,1.9,6.443382913,22.9,17.7,22.20700989,93.50574163,120.1593771,apple
122,202,1.13,5.617227184,33.3,10.2,22.44516988,94.73763514,107.1843273,apple
123,202,1.0,6.442289294,38.7,22.1,22.76643029,92.12438519,120.4359949,apple
121,201,0.97,6.162034371,24.8,20.2,22.19109412,90.02575116,112.3126628,apple
137,196,1.55,5.812781806,34.2,21.4,23.6119202,91.70293849,123.5900822,apple
135,198,1.14,5.7650151260000015,28.9,17.6,23.86087054,94.92048112,105.0241329,apple
144,205,0.99,6.184922574,16.2,14.5,21.42177231,92.62665309,102.8045658,apple
123,205,1.03,5.739652177000001,19.1,21.1,22.36629253,90.78572467,124.9831618,apple
133,199,0.94,5.8247786360000005,9.3,16.3,23.99686172,91.61001707,117.6102915,apple
130,198,1.16,5.554823557000001,22.0,25.3,21.80129837,92.73446667,120.05866709999998,apple
143,200,1.12,6.024248787,29.4,19.9,23.80436344,92.80441624,100.6192543,apple
143,204,1.29,5.631333387000001,20.8,19.8,23.71475278,91.53331177,121.8961665,apple
122,202,1.07,5.811975094,25.9,19.2,23.34467359,90.37981478,112.8954016,apple
125,196,1.02,5.730557448,30.0,21.5,22.31253665,90.03577124,113.0688155,apple
139,202,1.17,5.66999105,25.7,19.7,23.50201428,92.21083961,107.9868949,apple
123,198,1.04,5.682751473,25.4,17.8,23.46260321,91.45665004,111.7763395,apple
136,200,1.02,6.245858905,16.9,18.7,23.06204373,92.39544055,114.7399101,apple
131,199,1.47,6.017370134,21.5,28.8,22.47420512,91.22759742,124.2179699,apple
140,197,1.57,5.53456749,31.5,22.8,22.69780133,92.82223419,105.0508234,apple
138,201,1.86,5.952367662,21.1,11.0,23.66682067,93.90191078,105.4004751,apple
127,204,1.17,6.126436584,27.8,20.5,22.50050273,92.45878335,100.9343903,apple
145,203,1.38,6.406818518,31.6,21.3,23.83053666,90.84422164,109.5966791,apple
139,205,1.54,6.155939452999999,20.3,16.2,23.64142354,93.74461474,116.6912176,apple
126,195,1.78,5.878568981,25.5,17.8,21.41363812,92.99124545,118.3979065,apple
136,202,1.11,5.935336307999999,21.8,17.5,22.85267372,94.57645809999998,117.53140259999998,apple
124,200,0.92,5.971332179,17.5,19.3,22.98208095,93.84505029,109.5852253,apple
138,200,1.12,5.67130617,30.5,21.0,21.19909519,90.80819418,103.6838922,apple
136,196,1.38,5.882155987999999,21.3,19.6,23.87192332,90.49939035,103.0548094,apple
134,205,1.41,6.08551916,28.6,19.7,21.0365275,94.33919546,114.7412734,apple
143,197,1.62,5.90402645,25.0,22.8,22.61711614,93.51978375,116.9256766,apple
120,200,1.15,6.1102188260000005,15.9,20.9,21.45278675,90.74531921,116.7036582,apple
145,205,1.52,6.212302608,27.9,21.5,22.81227579,92.12992101,109.3383552,apple
141,197,1.2,6.142803397000001,21.0,21.9,21.98141856,91.12719303,115.4789148,apple
123,204,1.43,6.365972687999999,22.2,23.9,22.52709326,92.54780429,115.3830068,apple
136,195,1.04,6.264202804,22.1,25.7,22.35628673,91.92360477,107.7697413,apple
136,204,1.56,6.276198595,23.2,21.0,21.19852186,92.15595143,105.8554351,apple
141,195,1.35,5.514253142,11.3,16.8,23.8812458,93.45067555,104.9116663,apple
129,201,1.28,5.682343744,23.2,20.9,22.78234161,94.36803516,122.1449949,apple
138,197,1.64,5.830892252000001,23.4,16.3,22.19055385,92.43764169,121.6622761,apple
137,200,1.4,5.603413172000001,23.4,19.5,22.91430043,90.70475565,118.6044645,apple
132,204,1.21,6.0967531,36.2,12.2,23.08950736,90.22507299,108.2166601,apple
139,197,1.18,6.056529526,25.0,17.3,21.72484506,92.83975602,121.6961761,apple
125,203,1.57,6.160267496,29.1,19.8,22.44307715,91.59234006,102.5565807,apple
143,204,1.22,5.814434775,24.4,19.6,21.1316077,91.95769858,122.5391946,apple
144,196,1.28,5.987262638,24.1,20.9,22.71750705,92.25479855,107.0289866,apple
143,197,1.53,5.570020684,18.8,16.3,23.75033085,92.88160462,117.6602827,apple
135,203,0.78,5.9655513110000005,29.3,20.9,23.76121837,93.661643,100.825956,apple
130,196,1.45,6.062356467000001,17.9,26.2,22.13450646,94.67695747,112.9203223,apple
142,203,1.12,5.895319002000001,25.8,23.0,21.17089176,90.23730166,123.6495149,apple
129,205,1.0,6.119432215,22.3,20.6,22.36238282,91.15761594,118.68327250000002,apple
135,203,2.16,5.624203283,26.5,25.6,22.77856513,92.70124029,113.7759219,apple
145,205,1.66,5.52078314,26.8,16.5,21.22503442,90.09877774,113.9760462,apple
121,201,1.62,5.731535257999999,17.5,25.6,23.15791104,90.34396882,110.712841,apple
131,203,1.36,5.893490899,11.7,18.8,22.42776057,93.91722423,102.7230739,apple
140,195,1.5,5.560521058,23.8,22.5,23.64082979,90.95257927,116.7431319,apple
138,198,1.04,6.222390797999999,18.5,19.7,22.29423493,90.69033986,122.7418744,apple
140,197,1.31,6.071255131,23.3,24.3,23.35225078,90.90054697,113.0381382,apple
145,195,1.04,6.231950009,26.6,20.2,22.03911546,94.58075845,110.9804014,apple
120,197,0.83,5.889480679,18.4,20.0,23.80593812,92.48879468,119.6335548,apple
132,198,1.89,5.732757516,27.9,14.0,22.31944084,90.85174383,100.1173443,apple
137,196,0.37,6.400321212000001,28.7,19.7,22.14464104,93.82567435,120.6310784,apple
144,196,1.64,6.496934492,20.6,21.2,23.65167552,94.50528753,115.3611268,apple
140,197,1.55,6.229498836,22.8,18.5,22.16939473,90.27185592,124.4683112,apple
30,12,1.31,6.354006743999999,25.7,14.9,15.78144173,92.51077745,119.035002,orange
6,13,1.59,7.511755067999999,20.7,10.4,26.03097313,91.50819306,101.2847738,orange
13,6,1.89,7.335158382,20.0,13.0,13.36050601,91.35608208,111.2266885,orange
16,9,1.28,7.813916602999999,23.3,13.6,18.87957654,92.04304496,114.6659511,orange
7,9,1.29,7.1291369410000005,22.8,15.6,29.47741671,91.57802915,111.1727497,orange
27,10,0.59,6.079998496,32.4,14.5,28.06903173,92.91487288,114.1339416,orange
23,15,1.47,7.408939392000001,16.1,13.4,25.66901098,92.04670813,112.5424199,orange
18,14,1.1,7.207991261,30.3,12.9,29.77149434,92.00719952,114.41617859999998,orange
24,14,1.53,7.189259647,19.7,13.4,30.55472573,90.90343769,106.0711985,orange
23,6,1.23,7.365338111,29.4,8.4,23.96147583,90.26408017,102.6958703,orange
17,15,0.91,7.455991072000001,13.3,11.2,23.98289638,91.5473145,118.4901697,orange
12,8,1.06,6.822282114,14.9,12.4,25.26052689,90.31153735,117.36952959999998,orange
9,12,0.7,7.028746406000002,17.9,19.2,31.08368929,90.14362642,109.6894658,orange
7,10,1.42,6.118430299,23.9,11.5,14.78003032,91.22062116,100.1961762,orange
18,6,0.84,6.285312759,17.3,14.8,26.56608303,94.45239715,116.3796525,orange
11,8,1.56,6.559236744,27.5,17.2,24.85903405,94.39000473,111.78037340000002,orange
8,7,1.08,7.163245982,23.1,13.9,34.51465139,93.63812684,103.5684926,orange
17,5,1.24,6.945562889,33.2,8.8,24.12188673,90.72351622,102.835632,orange
5,8,1.23,7.474710503,29.1,9.9,23.85340379,90.10522549,103.923226,orange
8,9,1.11,7.601189842999999,20.4,14.2,24.60297538,91.28408653,111.2948115,orange
13,6,0.82,7.5611432239999985,26.0,17.3,15.63211033,94.25966183,101.4705704,orange
25,14,1.45,6.361671475,18.6,15.3,19.33516809,91.97978938,116.450422,orange
7,10,1.03,6.929216014,21.3,22.5,28.2620488,91.98317355,105.2132259,orange
23,5,1.33,7.477935216,17.1,15.6,22.67594476,93.36348717,110.3332655,orange
14,8,0.89,7.684420446,17.0,11.4,21.03200078,92.9641969,110.6823944,orange
7,15,1.17,7.825531916,27.7,17.0,33.23453301,91.06053924,115.7659902,orange
29,12,1.46,6.438668989,17.5,13.1,22.30318989,92.15987039,117.3688104,orange
14,5,1.38,6.946354724,19.9,14.0,11.50322938,94.8933184,115.56837759999998,orange
8,15,1.43,7.994465371,21.3,15.8,14.34320488,94.35734702,110.22231229999998,orange
18,14,1.78,7.434118807000001,22.1,19.1,33.105698100000005,93.48447453,119.1709113,orange
25,14,1.47,7.781988584,15.7,11.1,30.49183837,90.4582865,113.3302105,orange
12,15,1.05,6.052318465,18.7,14.7,30.25578031,92.03272799,116.7173125,orange
16,6,1.48,7.106650373,29.3,16.1,12.22816189,90.26457428,108.4161706,orange
14,8,1.17,6.22094286,12.6,15.2,10.01081312,90.22399223,119.3941064,orange
7,8,1.31,6.420457311,23.9,22.4,22.79196751,90.60901895,116.5084074,orange
12,7,1.67,6.969249676,26.9,11.6,20.18432263,90.65458473,116.8130969,orange
25,6,1.15,6.0113021810000005,22.5,12.3,30.72119881,94.01331956,106.8118019,orange
8,11,1.45,6.600948787999999,24.8,11.2,24.35590861,92.39651663,119.6946577,orange
5,5,1.66,7.817846496,23.5,8.9,21.21306973,91.35349216,112.9834361,orange
17,6,1.28,6.8198271,24.4,18.4,10.78689755,91.38411917,117.5293447,orange
30,10,1.2,7.291405641,27.1,15.7,11.89925671,91.34663797,103.5771468,orange
23,15,0.91,7.598729065,15.9,18.9,22.56664172,93.37488907,109.8585753,orange
27,9,1.66,6.157135092000001,24.6,20.2,18.86883219,93.24688124,119.3936976,orange
11,13,1.62,7.1917274,26.4,11.8,17.34083741,93.04897191,112.7194284,orange
21,8,1.82,7.418761774,25.7,13.6,34.90665289,92.87820148,102.1906333,orange
22,6,1.1,6.488221135,24.3,9.2,24.53610067,91.90997228,115.9787989,orange
18,13,1.51,6.044167236,18.2,16.3,13.8377282,91.74780462,107.9873218,orange
10,10,1.14,6.010391864,21.7,12.4,22.3551049,93.52211892,101.5164589,orange
16,8,1.25,6.949838549,32.4,19.8,34.74004942,93.12316972,100.1967854,orange
9,11,1.41,7.907956251,22.9,18.0,11.54785707,94.14861001,108.82891709999998,orange
11,5,1.64,7.639788459,18.9,14.7,23.13338811,91.94670335,104.4224145,orange
15,9,0.75,7.53350946,28.6,22.2,29.98364695,94.55239717,115.3560318,orange
5,11,1.32,6.251586885,12.4,17.1,20.87947369,90.93756231,102.4550786,orange
22,9,1.03,6.543191814,19.7,17.2,17.24944623,91.13772765,112.50905159999998,orange
15,7,1.38,7.651225301,20.6,12.7,15.83388699,91.68293851,109.7571416,orange
6,7,1.34,6.708889665,21.0,11.1,23.01014302,91.11764246,112.6738296,orange
16,14,1.2,6.625538653,24.7,14.4,16.39624284,92.18151927,102.944161,orange
20,10,0.88,6.528354932,27.9,5.4,24.45132792,93.10527686,109.4711098,orange
29,8,1.17,6.450640306,19.9,15.5,31.87859192,91.15248149,105.3437825,orange
28,10,1.47,7.181907673,28.6,12.5,31.34920143,91.48247612,109.1549823,orange
25,12,1.48,7.016482298,24.0,9.0,18.05142392,90.03969587,111.7793889,orange
6,8,1.87,6.388617138,15.8,16.5,30.84835031,92.86773675,107.4142681,orange
29,13,1.42,7.57125447,24.4,13.3,22.45616931,91.52781832,118.0069295,orange
11,11,1.55,7.609348255,15.2,14.8,13.70319166,90.95589386,106.2944879,orange
24,15,1.13,7.137136973,19.6,16.5,20.48954522,93.72485075,111.83919509999998,orange
21,9,1.62,6.354022554,21.3,17.7,13.20844373,94.02769434,106.2696156,orange
29,13,1.31,6.196907944,18.5,14.1,32.31944397,93.67804556,117.6236473,orange
29,13,1.21,7.829507245,19.5,16.5,20.68185224,90.91510525,109.7513927,orange
23,12,1.37,6.395258356,15.0,9.2,31.52675982,90.50621806,113.1169398,orange
9,15,1.43,7.992041984,18.9,16.1,25.35467646,91.81183218,116.7555937,orange
5,14,1.53,6.583411671,16.6,10.1,17.66545409,91.69865887,110.6857506,orange
12,8,1.8,6.206053072,24.8,13.5,12.59093977,91.81668769,119.39167179999998,orange
20,10,1.02,6.976997772000001,20.4,10.8,11.86631922,93.68394562,106.060149,orange
8,5,1.57,6.562594972,19.1,18.8,11.03367937,92.22706805,112.7715925,orange
8,12,1.18,7.260416405,17.8,13.5,25.2990432,94.96419851,117.9733424,orange
21,11,0.51,6.460044777999999,22.4,14.4,32.23797837,90.15406807,104.7052254,orange
19,14,1.55,6.699164936,13.6,19.1,17.68408797,94.35815354,108.0638166,orange
18,12,1.55,7.401121811,29.3,14.8,10.2708877,90.19147747,106.69552040000002,orange
15,6,1.6,6.912033409,15.6,17.5,17.22034507,94.78797376,108.0054343,orange
22,5,1.07,7.764040111,14.7,11.1,19.667056,90.50096668,100.1737964,orange
25,9,1.3,7.796034006,18.9,16.3,10.35609594,93.75652041,101.1456947,orange
7,9,0.76,6.969883482999999,12.4,19.8,27.255435,91.71369387,101.139435,orange
7,9,1.57,6.730757538,17.8,15.0,34.591784600000004,92.13229786,115.5650287,orange
30,11,1.61,6.601395755,25.1,15.5,32.39523995,94.51768464,113.25373,orange
17,10,1.63,6.465913274,19.3,15.1,10.16431299,91.22320999,106.362551,orange
23,8,1.29,6.41354791,21.6,13.6,21.49118657,93.43949693,101.4819888,orange
20,12,1.32,6.475275337,23.2,11.3,16.53460397,94.76759975,110.0447896,orange
23,11,1.54,6.407715561,18.1,14.2,31.852069399999998,90.12220323,109.9455062,orange
14,11,1.21,6.550814117000001,24.8,7.6,28.04799508,90.00621688,117.1311498,orange
11,10,1.57,7.36220835,19.6,19.3,31.75048899,94.59551226,115.1989301,orange
29,10,1.16,7.36549204,22.8,21.7,29.07412717,93.27189064,100.7896871,orange
24,13,1.22,7.8546243,29.2,15.1,19.14381903,90.71037456,108.0230792,orange
8,10,1.42,7.995848977,23.3,18.0,16.14820285,91.4448027,107.4287664,orange
10,14,1.09,6.725600855,18.1,12.8,34.05296914,92.05811721,116.8020848,orange
13,9,1.33,7.786725333,21.9,17.5,34.51423957,90.56151463,118.32719679999998,orange
30,5,1.69,7.656978112000001,18.1,12.4,32.71748548,90.54608254,113.328978,orange
8,12,0.87,7.105904818,33.2,16.1,25.16296632,92.54736032,114.3117197,orange
7,7,1.44,7.199106204,16.3,15.0,27.68167318,94.47316879,113.9995146,orange
17,15,1.45,7.871063004,21.7,18.8,21.35093384,90.9492967,107.0862095,orange
26,9,1.99,7.566165721,18.3,11.4,11.69894639,93.25638873,103.2005992,orange
68,50,1.34,6.7932454170000005,35.0,22.6,35.21462816,91.49725058,243.0745066,papaya
46,45,1.56,6.576261427,27.2,16.1,42.39413392,90.79028064,88.46607497,papaya
47,55,1.87,6.751452932,25.1,18.1,38.4191628,91.14220381,119.2653877,papaya
65,53,1.78,6.560743092999999,26.1,18.2,35.33294932,92.11508608,235.6133585,papaya
68,45,1.6,6.938313356,31.0,24.8,42.92325255,90.07600528,196.2408242,papaya
68,45,1.78,6.991626158,31.0,18.3,33.83508569,92.85470152,203.4044028,papaya
62,50,1.39,6.977700268,30.3,19.6,33.20258348,92.76437927,197.5282582,papaya
65,47,1.17,6.833768535,25.4,18.7,23.48546973,93.71043692,191.7760562,papaya
68,54,1.45,6.739170045,34.4,20.7,29.33710543,90.81781439,202.0572747,papaya
64,47,2.01,6.993473247000001,28.3,19.3,40.21199348,94.50766912,186.6762324,papaya
51,47,1.32,6.757470637000001,27.1,19.0,42.13473976,91.70445386,197.402901,papaya
47,53,1.19,6.8506632320000005,24.3,17.9,32.86316618,91.4618874,47.271547,papaya
64,54,1.72,6.74274935,29.3,17.0,29.80744318,91.38048469,232.7046126,papaya
57,48,1.74,6.506120752,26.1,9.0,31.56213762,93.0484859,63.62250788,papaya
60,54,1.45,6.98992719,32.4,13.1,36.32268069,93.06134398,141.1736926,papaya
58,49,1.63,6.69215564,34.9,16.3,37.13165026,94.60761797,172.47880619999995,papaya
55,53,1.6,6.544029776,20.5,24.7,38.4418717,93.63739039,77.71566883,papaya
51,52,1.58,6.927803911,27.2,23.7,32.66160599,90.78931681,78.85085502,papaya
65,47,1.8,6.721835879,22.6,16.7,27.92765919,91.55594211,149.91075569999995,papaya
57,51,1.75,6.99223441,23.9,11.6,39.01793345,91.48815629,105.8841531,papaya
52,53,1.58,6.704204398,19.6,24.7,32.51247398,94.65904123,51.07048113,papaya
67,45,1.65,6.702424548,22.5,16.6,38.72382798,91.72514851,62.62377075,papaya
64,52,1.03,6.641098708,21.5,22.6,43.30204933,92.83405443,110.562229,papaya
62,55,2.27,6.585346229,30.6,18.7,27.58548913,90.72526502,238.5008779,papaya
48,45,1.47,6.563134737,22.2,26.2,40.78881819,92.90951393,132.7923586,papaya
46,52,1.54,6.502289472999999,37.6,23.9,23.19451074,91.40301608,206.3999208,papaya
68,52,1.08,6.800321319,23.7,16.7,32.68067385,92.61715632,248.8592986,papaya
59,46,1.58,6.721130542999999,26.7,29.5,34.28879307,93.61082872,127.2509777,papaya
51,51,1.28,6.574677594,28.1,21.2,39.30050027,94.16193416,120.9512466,papaya
54,46,1.6,6.919342407,27.6,15.3,39.73149053,91.12220596,122.7628653,papaya
56,49,1.63,6.519779582999999,29.6,20.1,39.23342464,91.25589286,64.4478499,papaya
68,51,1.77,6.687088097999999,34.1,22.3,27.34734861,94.17756725,40.35153141,papaya
59,47,1.62,6.747975732,21.1,16.9,40.76998685,92.09278584,209.8678411,papaya
70,52,1.53,6.65149129,28.3,17.3,26.26559543,90.79668055,59.49373381,papaya
61,49,1.32,6.502675132,21.1,13.2,28.12971499,93.3210737,117.8201907,papaya
60,55,1.53,6.825371185,19.7,15.5,34.2804607,90.55561637,98.54047745,papaya
62,52,1.48,6.99104104,20.3,20.3,33.7960155,93.00754254,182.026807,papaya
62,51,1.82,6.5116248410000015,24.3,17.5,31.53243779,90.87394933,207.0735119,papaya
57,53,1.76,6.93172108,23.4,16.3,42.30495821,90.51431779,74.876786,papaya
47,48,1.96,6.712772332999999,31.4,21.1,24.63676897,90.61964344,218.2299187,papaya
50,48,1.88,6.63016515,17.1,23.7,28.28222883,91.37059792,179.27208069999998,papaya
46,53,1.72,6.761953186,32.1,20.4,24.48620746,92.98254537,183.49095,papaya
68,55,1.61,6.691202286,25.6,20.3,42.84609252,94.63548176,78.80996390000001,papaya
62,52,1.51,6.608667683999999,31.3,13.4,43.67549305,93.10887229,103.8235658,papaya
58,51,1.44,6.840802254,37.2,16.8,42.07213781,92.92203105,165.7412972,papaya
60,47,1.53,6.834808347999999,22.6,20.2,33.46873719,92.12746225,136.8277041,papaya
66,47,1.38,6.953439161,26.1,22.0,31.7018373,91.66232213,48.83810592,papaya
65,48,1.39,6.665024507999999,30.9,21.9,41.41968393,90.03863107,199.3096432,papaya
54,46,1.92,6.662875839,27.7,30.3,42.54744013,94.94482086,214.41038480000003,papaya
64,52,1.92,6.678695788,28.6,15.9,28.91842453,94.63676767,63.68794608,papaya
52,47,1.57,6.54277684,34.1,25.0,43.08022702,93.90305729,211.8529059,papaya
47,46,2.04,6.839443833,30.9,14.6,29.20300896,93.96834049,209.4083305,papaya
48,48,1.75,6.805277038,20.8,13.8,41.04224355,91.37258067,181.527598,papaya
54,50,1.67,6.762522087000001,29.6,22.2,25.62446619,93.18240298,97.26336657,papaya
65,49,1.75,6.678449317999999,29.7,15.6,35.32876402,91.06138506,163.9069365,papaya
52,49,1.57,6.577192175,19.5,12.0,24.42561272,92.27749066,63.35298768,papaya
46,52,1.82,6.734005647999999,23.2,22.1,31.18298415,90.21646909,54.01872359,papaya
63,50,1.93,6.524459342,23.9,21.1,31.88342554,91.3256535,79.27201575,papaya
49,47,1.4,6.501521192,17.8,19.4,42.93368602,91.1756748,246.36132680000003,papaya
53,48,1.46,6.758479569,24.8,25.9,23.11407669,94.31994776,231.5153161,papaya
55,51,1.14,6.676578778,28.9,15.5,24.87212063,93.90560147,135.16945249999998,papaya
62,49,1.87,6.941496806,28.5,20.3,43.36051537,93.35191636,114.778071,papaya
58,47,1.32,6.864143752,23.2,22.2,26.83054058,90.75379971,144.66564440000005,papaya
65,52,2.13,6.583528529,29.4,15.9,30.42012134,93.12659793,75.95295,papaya
50,52,1.7,6.751747609,39.1,19.4,28.64555584,93.22642604,115.8163936,papaya
64,47,2.04,6.893509446,23.3,18.9,32.50037548,93.47888842,71.73759526,papaya
58,50,1.79,6.720744449,29.0,16.3,43.03714283,94.6428898,41.5856585,papaya
58,49,1.36,6.827812549,31.9,23.2,30.10773379,90.34546355,75.24521981,papaya
69,47,2.05,6.912299695,36.0,19.5,23.69212243,93.61055571,87.53393983,papaya
67,52,1.51,6.586107335,33.8,21.5,35.67667332,93.30641944,141.3381168,papaya
67,52,1.31,6.827305908,21.8,20.7,27.71948962,94.43877142,82.83061083,papaya
68,49,1.55,6.821774589,26.9,22.8,35.26824831,92.38282957,149.8488208,papaya
57,47,1.83,6.656458831,33.6,12.2,23.16855863,90.78821158,161.68920930000004,papaya
50,52,1.68,6.770384816,30.5,13.7,33.08706051,92.25197542,88.1300769,papaya
50,53,1.4,6.933809742999999,22.8,19.1,37.4620912,90.44967809,172.3458448,papaya
47,45,2.09,6.579441304,37.1,16.1,38.73218907,94.73613484,218.142147,papaya
60,47,1.76,6.92791761,29.8,20.4,32.57720726,92.74889453,93.7942847,papaya
51,53,1.72,6.985804083,28.5,24.9,38.38231475,93.10378595,210.2735346,papaya
68,45,1.93,6.612429546,21.7,21.8,42.93605359,90.09448142,234.8466111,papaya
69,52,1.87,6.813383387000001,28.6,23.0,25.65492304,92.74501561,52.95477913,papaya
55,52,1.66,6.967759599999999,28.0,19.4,37.58899717,91.99740365,159.6577388,papaya
55,51,0.99,6.57398033,26.6,16.7,29.60718808,93.15642801,62.68710535,papaya
62,47,1.24,6.803094965,34.2,20.8,25.34756111,93.02871078,174.40123369999995,papaya
69,53,1.59,6.964955435,24.2,20.0,25.9300384,93.02357765,241.8202079,papaya
61,45,1.9,6.764213299,22.9,19.0,32.76795887,94.57377401,240.4795923,papaya
57,54,1.86,6.617703177999999,17.3,18.8,29.02328049,90.20396783,126.8069869,papaya
66,49,1.47,6.52711001,26.3,17.2,40.00439101,90.17015833,92.11877372,papaya
55,55,1.64,6.709668804,36.6,17.9,33.32315744,91.25271223,234.496633,papaya
61,52,1.69,6.620729882000001,37.0,17.1,31.22790131,94.94021378,46.44279118,papaya
64,55,2.14,6.583760498999999,27.0,25.2,26.68386496,92.9585411,62.50689682,papaya
57,55,1.83,6.6764073370000006,28.5,18.8,24.70528368,90.14732171,108.4103158,papaya
65,45,1.41,6.751298936,27.4,22.1,38.2016825,93.97379963,218.09088140000003,papaya
66,52,1.6,6.867554147000001,25.4,18.1,36.56769731,93.79503425,104.4218596,papaya
55,47,1.9,6.7424900270000006,33.1,16.7,26.05375792,93.69111672,240.6863901,papaya
70,54,1.4,6.986228647000001,28.9,24.3,31.29986342,92.76039164,54.77830202,papaya
59,55,1.94,6.979102243,20.7,18.1,40.10207731,94.35110201,149.1199989,papaya
64,47,1.32,6.8256647820000005,25.7,24.6,38.58954491,91.58076549,102.2708231,papaya
67,49,1.17,6.617066674,18.9,16.1,41.31330062,91.1508798,239.7427554,papaya
59,55,1.69,6.551892637999999,30.1,20.5,37.03551903,91.79430166,188.5181422,papaya
64,53,1.95,6.598860305,18.2,23.2,23.012401800000006,91.07355541,208.3357976,papaya
30,29,1.31,6.4200187170000005,31.7,17.4,26.762749300000007,92.86056895,224.5903664,coconut
23,28,1.4,5.7400545670000005,29.2,26.0,25.61294367,94.3138837,224.3206759,coconut
28,33,0.92,5.686972967000001,28.2,18.2,28.130115000000004,95.64807631,151.0761899,coconut
21,35,1.55,6.293662362999999,31.9,26.5,25.02887163,91.53720922,179.8248944,coconut
18,35,1.24,6.381975465,32.6,26.8,27.79797651,99.64573002,181.6942283,coconut
11,32,0.91,5.542169138999999,31.1,25.4,29.25902906,95.11294697,184.7624496,coconut
5,31,1.32,5.551963184,21.9,25.3,27.10134661,93.69979946,150.9502632,coconut
6,27,1.04,5.8607404810000014,27.1,21.9,25.84726298,90.92669463,147.8888994,coconut
30,29,1.61,5.558807063,24.9,19.6,26.58580443,90.98617591,178.8116076,coconut
7,35,1.43,5.55771171,33.0,30.0,28.38503882,99.18843684,189.67113490000003,coconut
18,26,0.95,5.568365926,29.6,18.2,28.43647052,91.81320717,145.54144130000003,coconut
10,33,1.71,6.07071786,23.3,19.6,28.27298134,96.93649473,198.8234862,coconut
8,32,1.22,5.627860548999998,27.6,23.1,27.00648436,96.46168931,144.3331315,coconut
18,30,1.55,6.38488418,28.0,17.3,27.63551259,99.34854917,157.91715369999997,coconut
15,34,1.62,5.6858890660000005,27.7,26.1,26.29644905,99.65809151,215.9195049,coconut
19,33,1.19,6.234458417000001,20.0,21.9,27.1326009,95.23797989,204.7206567,coconut
20,26,1.79,6.443168642000001,28.8,21.3,25.56567803,97.61361544,199.7936345,coconut
17,32,1.14,5.842317989,36.8,18.4,25.94951662,93.40548703,172.0540491,coconut
11,29,1.18,5.955742971,30.9,15.5,28.03380598,95.01630593,218.0055713,coconut
6,26,1.78,5.741367375,31.1,25.1,29.12859129,91.30924833,157.2388553,coconut
6,30,1.57,5.948342571,27.2,18.3,27.0828252,97.00155491,171.7575545,coconut
6,32,1.36,6.387067562,23.1,23.7,28.11321494,90.01734526,172.48136409999995,coconut
8,26,1.64,5.562911913,35.4,23.3,27.5136304,94.18955816,156.6732553,coconut
13,33,1.68,5.85971872,26.5,20.3,27.63834933,95.48763389,205.5463111,coconut
9,28,1.54,6.282955072999999,26.1,22.9,29.01256899,94.01014388,150.05003119999995,coconut
27,26,1.08,6.25449571,23.6,24.2,26.58413917,95.78923137,171.6262299,coconut
24,33,1.67,5.973853124,23.1,24.3,28.28905147,97.00396405,142.9403233,coconut
6,25,1.24,6.081568052000001,28.1,27.0,28.69164799,96.65248672,178.9635457,coconut
14,30,1.64,6.37466756,32.0,28.7,29.70931288,96.30484325,209.84539930000005,coconut
14,35,1.19,6.027707171,23.1,19.5,27.14865285,96.66355213,149.2433497,coconut
6,29,1.32,5.868285082000001,16.2,21.3,29.28725038,91.95614918,132.1491176,coconut
11,31,1.24,6.205931637999999,31.9,23.2,25.06871967,93.31410447,134.84190690000003,coconut
14,30,1.22,5.5707453860000005,30.9,24.5,26.92449525,91.20106019,194.9022136,coconut
6,33,1.17,6.095261012999999,25.5,14.2,28.27804288,93.64761266,171.9457959,coconut
6,33,1.07,6.025789594,24.3,22.3,29.18032562,92.73041222,204.9603677,coconut
25,35,1.12,5.542873799,25.4,17.7,28.3575072,91.64509299,160.73069909999995,coconut
14,33,1.45,6.366219551,30.1,23.4,29.38072512,93.27565685,218.5241851,coconut
12,30,1.4,5.579845008,20.3,19.8,25.39241091,98.08951196,218.080385,coconut
25,31,1.28,5.804965067,26.0,22.3,26.31270635,98.62048026,208.1181381,coconut
21,35,1.83,6.121005506,32.1,18.5,29.52501367,91.91185319,194.3100272,coconut
22,29,1.6,6.000248647,31.2,19.2,28.83214859,92.17170353,145.41723869999996,coconut
5,29,1.65,5.820978791,27.2,17.1,28.48444906,97.76865458,160.389421,coconut
11,32,1.54,5.620733794,29.1,21.2,28.74013335,93.39676499,156.76508230000005,coconut
30,35,1.39,6.001936419,24.4,24.1,25.00872392,95.59224018,165.8092179,coconut
10,30,1.39,6.305740522000001,28.8,23.2,29.8690834,91.14723422,192.7678575,coconut
7,29,1.05,6.362544111,23.5,14.3,27.54273211,94.59086121,150.2012138,coconut
20,35,1.57,5.588655387,21.9,22.5,26.52166434,98.38227669,144.6261698,coconut
15,32,1.51,6.182232762000001,31.0,17.8,25.03512351,95.89739958,174.796583,coconut
17,29,1.38,5.959493188,36.4,28.0,29.20394909,95.66997327,211.2506267,coconut
15,34,1.7,5.677282677999999,29.7,18.5,27.05826457,91.10510371,224.70069530000004,coconut
23,25,1.62,5.6121227970000005,27.2,24.0,26.18552389,96.96637916,135.4186222,coconut
19,29,1.21,6.206077742000001,27.1,22.6,27.59376845,92.48519606,162.8432736,coconut
21,35,1.47,5.764812076,30.5,20.0,25.76011662,94.65830608,131.24514140000002,coconut
27,34,1.0,6.203376525,36.1,30.7,28.87862994,95.11320315,145.0583117,coconut
29,29,1.53,6.143662699,21.4,19.3,26.50908611,94.48414544,199.8778403,coconut
8,28,1.55,6.100429497,34.7,17.8,26.87037587,91.72546257,214.4128874,coconut
24,27,1.36,5.7084096010000005,29.0,25.0,27.57283516,94.90485697,145.9298935,coconut
29,32,1.3,5.868255858,20.2,24.2,28.05912437,98.3670985,171.65163959999995,coconut
11,31,1.74,6.461225827000001,27.6,23.4,29.51611558,92.56492864,131.2116167,coconut
10,32,1.26,6.165084855,23.8,25.6,28.96318258,95.16333673,222.803013,coconut
29,27,1.52,6.047044342,30.5,27.3,25.09897688,92.36099489,157.7592626,coconut
29,35,1.08,6.137102505,25.2,22.6,27.1872282,92.19906776,141.3220576,coconut
30,27,1.23,5.894027065,31.9,21.3,29.03065024,90.79093862,205.5720367,coconut
12,30,1.1,5.56222383,28.3,22.6,27.754298,95.94643831,131.09000759999998,coconut
13,29,1.68,5.832608027999999,30.0,23.6,27.31155708,99.96906006,201.8258633,coconut
28,32,1.5,6.2185718739999984,27.1,19.5,28.84270971,99.64328526,224.4016682,coconut
24,29,1.49,6.142010637,26.3,27.9,26.61423461,96.97300803,191.006688,coconut
23,30,1.8,6.078807239,31.2,23.3,29.70143197,95.65754365,215.1968037,coconut
26,26,1.37,5.702484758,21.7,21.2,25.54759871,91.64194826,212.867626,coconut
28,26,1.43,5.547594847,29.1,23.6,26.37978453,91.49882979,167.0470997,coconut
18,27,1.68,5.836075368,24.5,19.6,27.45907759,92.90736493,142.1430003,coconut
6,35,1.84,6.231662767,31.9,20.6,27.02269204,95.71935435,147.16824590000004,coconut
30,31,1.37,5.718120393,27.5,22.1,28.98545306,90.73966792,148.8398374,coconut
7,34,1.54,5.852038202,40.7,22.7,26.1055118,91.52421214,134.1279669,coconut
26,31,1.6,5.547933273,19.6,20.3,25.0707247,95.02156793,192.9036306,coconut
6,25,1.77,6.156259104,30.0,6.6,25.54963273,96.92786777,191.2996157,coconut
12,26,1.6,6.436314406,37.6,15.0,28.56973521,95.67906668,134.83703480000003,coconut
5,32,1.86,5.981169595,14.1,25.3,26.07010807,96.7036223,143.533473,coconut
19,31,1.4,6.271952832999999,16.3,23.6,25.51791333,94.38420565,178.7297725,coconut
9,32,1.75,6.470465614,29.8,24.0,25.9490364,94.73860514,144.15711090000005,coconut
30,34,1.28,6.141502001,18.7,24.4,28.2974764,95.41122824,182.4482352,coconut
30,30,1.92,5.826381164,33.6,15.0,29.56549169,91.40896307,224.83157290000003,coconut
13,33,0.95,6.342463714,23.8,16.4,29.69952329,95.21224392,148.30036919999995,coconut
29,26,1.41,6.071897347,30.0,17.0,26.14162144,93.28415295,195.4115025,coconut
30,30,1.63,6.331051715,31.0,20.1,26.00175125,94.79998418,209.540094,coconut
13,25,1.35,6.413184638,18.3,20.8,27.15116142,91.48889469,164.9182225,coconut
15,33,1.4,5.50158009,28.8,23.3,28.97318719,98.09861043,213.9011021,coconut
12,35,1.47,6.338720873,26.7,23.0,26.13958446,96.38580769,131.3387935,coconut
28,30,1.7,6.015672239,27.5,23.1,25.51618488,94.33465411,135.1272491,coconut
22,29,1.34,5.735364307,24.8,23.8,27.55821802,99.98187601,174.62564809999995,coconut
10,33,1.23,6.465906333,29.9,22.1,27.81132822,97.48410555,154.06212209999995,coconut
20,31,1.31,5.855457599,26.4,20.2,25.60033702,99.7240104,165.82487319999996,coconut
9,35,0.91,6.318552972999999,29.9,22.8,26.91641934,99.84671638,225.6323656,coconut
16,27,1.65,6.006784979,25.3,28.6,29.1797902,90.27214288,188.9252083,coconut
8,30,1.29,6.008386282999999,23.6,18.5,26.44600063,98.29937782,221.2258168,coconut
8,33,0.88,5.665785202,35.7,26.8,28.43572863,95.8840407,203.9283708,coconut
27,32,1.58,5.764615485,23.5,28.3,28.94099669,93.00109012,191.7723087,coconut
21,26,1.29,5.901495543999999,26.7,27.0,26.45488737,93.45042636,149.2220255,coconut
5,34,1.6,5.779032666,39.0,22.9,25.79490531,93.84150618,152.42387119999995,coconut
26,29,1.28,5.67154928,24.9,15.5,26.93141945,98.80313612,166.5712879,coconut
47,24,1.12,7.231324765,40.7,19.1,24.40228894,79.19732001,90.8022356,cotton
36,20,1.21,6.925412377000001,30.0,17.8,23.09595631,84.86275707,71.29581071,cotton
47,18,1.5,7.633437412,37.2,17.6,23.9656349,76.97696717,90.75616738,cotton
47,23,0.96,6.827354668,39.3,6.0,24.88738107,75.62137159,89.76050416,cotton
38,23,1.31,6.176716425,47.9,11.7,25.36243778,83.63276077,88.43618918,cotton
50,19,1.13,6.6287228360000015,35.0,15.4,24.69457084,81.7358876,78.58494391,cotton
41,20,1.51,7.256877571,37.4,17.5,25.0017188,80.53965818,96.32600992,cotton
45,22,1.44,6.443785385,35.1,28.1,22.45942937,81.30681027,64.23026638,cotton
47,16,1.25,7.7232401510000015,36.0,11.0,23.60564038,79.29573149,72.49800885,cotton
60,22,1.04,5.947448589,40.7,12.3,24.58453146,79.12404171,71.94608134,cotton
45,25,0.55,7.2277455160000015,35.2,21.8,23.0865933,83.55546146,71.84080724,cotton
59,18,1.21,6.219469084,33.3,10.5,23.5000992,83.63488952,79.81328183,cotton
38,15,1.34,6.021439523,38.3,10.8,24.1472953,75.88298598,69.91563467,cotton
49,21,1.54,6.253343655,38.8,21.0,24.69315538,84.84422454,89.799462,cotton
40,25,1.38,6.187455798999999,38.3,18.8,24.48469200000001,84.44932014,90.94342484,cotton
35,18,1.46,7.0576933660000005,25.9,11.7,24.49112609,82.24415809,64.02949379,cotton
43,16,0.98,6.720449769,34.4,18.4,23.47986888,81.73049149,86.76287924,cotton
46,18,1.3,6.4316895060000006,40.6,21.0,24.18586246,76.04203958,69.08056728,cotton
39,24,0.94,7.453106264,36.2,14.0,25.00755095,78.17952126,86.06411872,cotton
56,15,1.14,7.368258226,36.6,5.1,25.99237426,77.0543546,89.1188212,cotton
36,24,1.92,7.352401887,37.8,14.9,23.66457347,81.69105088,99.36898373,cotton
58,18,1.78,6.652143699,33.3,17.5,25.66891439,81.38103349,78.59595817,cotton
42,24,1.05,6.144631795,43.3,16.6,22.04612876,84.62978302,86.00758678,cotton
41,22,1.24,7.318802162000001,41.0,19.0,22.4204752,84.55794703,93.46595573,cotton
39,21,1.18,7.954629324,40.6,25.9,25.03149561,82.21276599,95.0191318,cotton
60,23,1.3,6.207652157,35.6,17.6,23.53371386,77.21705554,87.54004943,cotton
46,19,1.59,6.631005298,32.0,16.0,22.77076388,82.5993307,81.49543437,cotton
49,22,0.74,7.306918817000001,29.1,15.2,25.49848236,79.9751579,67.05961949,cotton
35,15,1.18,5.898293044,43.8,18.9,25.248679,83.4630147,86.55517751,cotton
36,19,0.93,7.238566893,31.4,21.8,22.78249615,77.51235009,64.61444234,cotton
45,23,1.54,7.977651226,35.1,15.5,23.37044424,77.43198948,71.67870701,cotton
51,22,1.54,5.983075895,30.0,18.4,24.86560781,78.22080815,79.56866268,cotton
60,17,1.88,6.785723961,36.0,14.3,24.14386157,84.51591287,80.36146974,cotton
37,20,1.32,7.393441155,32.6,12.1,25.03300222,79.04368718,97.10087029,cotton
52,16,1.41,6.486068274,40.6,15.9,23.65724079,84.47601498,88.54479121,cotton
48,16,1.09,7.175934962,30.2,16.5,25.54359718,84.09229796,88.94245493,cotton
38,25,1.03,7.388265887999999,29.9,23.6,22.00085141,79.47270984,90.42224164,cotton
41,18,1.34,6.10539819,37.9,20.1,23.64328417,78.1258666,80.96157332,cotton
53,19,1.43,6.419536555,32.9,18.0,23.96436009,78.02763149,84.63148859,cotton
48,16,1.12,6.307585854,37.2,18.2,24.65425757,75.6350708,61.82980133,cotton
46,17,1.09,6.93221485,28.4,17.5,24.3017998,84.87668973,65.0247867,cotton
41,22,1.14,7.810865753,25.5,18.8,24.29144926,81.02453404,90.41694635,cotton
42,17,1.49,6.527541661,47.6,15.6,24.29470232,84.61527627,81.05902285,cotton
50,25,1.04,7.569454601,29.5,17.7,25.72180042,81.19666206,99.93100821,cotton
37,18,1.26,7.041065585,30.9,16.4,24.87663664,76.30050373,91.9223468,cotton
39,25,0.61,7.208795456,39.6,14.3,22.60612115,77.34264002,75.13617229,cotton
38,19,1.19,6.814341946,27.9,15.0,23.86814008,75.68339729,90.4547185,cotton
38,24,1.12,7.442217061,34.9,18.7,23.41022496,76.43836957,78.82199603,cotton
40,17,1.63,6.854558957,38.7,20.4,24.96440768,81.31677618,80.03995829,cotton
50,15,1.63,7.884550475,37.8,16.9,25.16820129,80.30351815,84.62419032,cotton
40,17,1.5,6.006085786,40.4,19.3,22.72767171,77.07598065,77.55176318,cotton
40,20,0.76,7.432043735,30.8,16.0,22.45145981,76.25674874,86.84998693,cotton
50,16,1.43,6.498052108,34.9,21.0,23.04920461,75.53835214,70.65644296,cotton
36,21,1.59,6.205263534,41.0,21.2,25.29250148,75.66653335,62.64174227,cotton
50,19,0.89,6.360812227,37.4,14.9,22.95604064,82.33733678,66.48339303,cotton
51,20,0.71,7.0466074339999984,33.6,21.6,22.80213132,84.14668447,91.6389565,cotton
57,19,1.34,7.947011366,45.1,17.6,23.54234715,75.98203329,84.12536744,cotton
47,20,1.93,6.281913857999999,35.9,17.1,24.41212325,80.80343786,98.60457373,cotton
52,19,0.82,6.114525877,40.6,15.2,22.94276687,75.37170612,67.08022574,cotton
40,23,1.01,6.7539780610000015,41.4,21.1,25.53676123,81.13668716,95.4262599,cotton
60,17,1.54,7.4250413160000015,33.2,16.8,25.32023717,81.79475917,83.46532547,cotton
43,18,1.18,6.745104394,38.9,22.4,22.426733,81.53480799,65.54475812,cotton
44,21,1.31,7.6411165689999985,44.9,20.1,25.78544484,75.00539324,91.39578861,cotton
49,25,1.13,6.470135478,39.1,23.0,25.68959532,77.90621048,66.19426787,cotton
44,15,1.8,7.091992365,40.9,17.1,22.14593688,82.85975490000001,60.65381719,cotton
59,19,1.13,6.520403794,37.9,22.9,25.07278712,82.50257909,93.51042684,cotton
53,24,1.33,6.127939627999999,37.3,17.2,22.21506982,76.17851932,70.40557612,cotton
52,18,1.1,7.994679507000001,34.2,17.5,23.9643129,76.59175937,76.13090645,cotton
36,18,1.72,7.524707577,33.8,17.2,25.40059227,76.53237965,62.51388670000001,cotton
48,17,0.94,7.827877817999999,38.6,21.8,23.7805123,83.03878838,66.26555904,cotton
52,19,1.69,6.436691764,36.0,19.0,24.16402322,76.7433897,61.94626051,cotton
37,25,1.15,5.907930899,37.6,18.1,25.31468463,77.91757121,72.82902109,cotton
39,22,1.22,6.135025006,35.7,18.6,22.60361557,80.35090459999998,88.57395505,cotton
51,15,1.11,6.044556594,33.8,23.0,22.9535715,78.71555832,99.75336197,cotton
36,24,2.01,7.59781958,29.0,12.6,22.74446976,80.41198458,90.07326633,cotton
56,18,0.91,6.691268104,34.5,20.1,23.80834611,83.91902605,70.97358303,cotton
54,15,1.38,6.1754923060000015,35.9,18.9,25.46228792,81.56641891,76.88582484,cotton
56,15,0.99,7.272316208999999,33.8,16.9,25.96779712,81.97904282,74.14169043,cotton
45,15,0.72,5.801047545,29.2,13.1,25.5308271,80.04662756,99.39557151,cotton
46,25,1.43,6.757457943,36.2,19.1,24.43847399,81.69801729,60.79645852,cotton
49,24,0.65,6.983395572999999,27.6,19.3,23.03887865,76.47039772,90.64770699,cotton
53,19,0.37,7.976889497999999,41.1,10.6,23.51308653,76.72621429,80.11272117,cotton
60,17,1.45,6.558902588,30.6,20.7,22.75805656,76.75768356,97.76600619,cotton
56,17,2.16,7.979090365,23.6,19.4,24.71252544,77.7293114,85.24963302,cotton
52,19,0.66,7.903528672999999,37.1,16.3,23.45969093,82.44777468,93.50153555,cotton
43,16,1.24,6.73210948,30.4,19.7,25.5503704,77.85055621,78.58488484,cotton
44,23,0.77,6.6916904760000016,41.2,15.6,22.08458267,82.82904143,67.06459777,cotton
43,25,0.78,7.839849298,43.0,16.8,24.68854799,78.51206972,69.31153566,cotton
37,21,1.77,6.61448588,41.1,14.2,25.84997269,84.16855231,77.03421249,cotton
48,16,1.17,7.456971816,35.6,22.3,22.46054478,75.40989245,71.85436078,cotton
45,16,1.33,7.2942193,35.9,16.3,23.65629976,77.52425987,74.8984994,cotton
56,20,1.18,7.762647875,41.5,17.0,22.00817088,81.83896111,92.23645249,cotton
40,17,1.08,6.363406102000001,32.2,15.1,24.32630461,80.13456404,69.45072055,cotton
37,18,0.78,7.63737841,31.2,22.2,22.92360984,82.68738535,92.91915074,cotton
46,20,1.14,6.2006719760000015,38.5,8.3,23.43821725,78.63388824,81.15072105,cotton
38,20,1.37,6.364729934,34.2,15.3,22.10718988,78.58320116,74.94136567,cotton
53,21,1.25,6.913678684,32.5,9.6,23.03814028,76.11021529,91.49697481,cotton
39,18,1.48,7.766259768999999,36.2,15.9,24.54795322,75.39752705,63.88079866,cotton
58,15,0.91,7.55606399,27.7,17.8,23.73868041,75.77503808,76.63669195,cotton
60,15,1.68,7.288377241,36.0,12.2,22.31871914,83.86129998,65.35747011,cotton
47,38,1.57,6.002524871,41.7,21.0,25.52468965,72.24850829,151.8869972,jute
37,39,1.68,6.033485257000001,27.1,19.9,26.59104992,82.94164078,161.2469997,jute
41,45,1.2,7.121933578999999,34.9,17.3,25.29781791,86.88705350000002,196.6249511,jute
40,39,1.62,6.207459637,33.8,20.5,25.72100868,88.16513579,175.60866969999995,jute
41,40,1.73,6.090060478,42.2,15.0,23.58419277,72.00460848,190.4242157,jute
35,36,1.21,6.346715209,47.1,12.7,25.31042337,72.01364411,190.5577618,jute
37,43,1.82,6.661957897000001,41.2,17.7,23.41798979,85.08640476,185.7446728,jute
43,40,0.99,6.176860192,41.3,20.1,24.35564134,88.80391021,169.11680280000004,jute
55,44,1.1,7.251847296,44.5,18.3,26.284017,75.14640198,182.2685447,jute
40,40,1.31,6.386259977999999,46.3,10.3,25.13842773,83.12053888,169.33884650000005,jute
53,44,1.6,7.319735475,50.1,23.0,24.88692811,71.91711523,150.2498675,jute
46,45,1.62,6.025028997000001,40.5,15.8,25.75734909,88.36668522,189.4263485,jute
41,38,1.41,6.344751947000001,44.7,15.2,23.12844351,74.68322732,199.83629130000003,jute
55,40,1.73,7.02777956,52.7,17.8,24.9949957,88.95692783,151.4935635,jute
43,38,1.1,7.299304715,35.3,20.7,25.21622704,70.88259632,195.8645552,jute
38,35,1.48,7.014063944,46.4,16.1,24.39736241,79.26861738,164.2697011,jute
49,38,1.75,7.4880144039999985,41.2,15.4,23.31410442,71.4509053,164.49703730000004,jute
40,39,1.38,6.626503893,36.0,25.0,25.72668885,81.86171563,191.9649389,jute
35,44,1.47,6.239011,45.2,16.1,26.96656378,78.21047693,169.8391177,jute
45,37,1.18,6.742688094,40.8,21.9,23.70467146,74.63745355,181.2783964,jute
53,38,1.34,6.588017308,37.6,18.5,24.90075709,73.84186449,153.8990984,jute
56,36,1.65,7.097586415,50.2,19.2,23.39605743,72.60512854,174.78764109999997,jute
55,38,1.69,6.956682742999999,45.6,14.0,26.8748389,79.78725152,173.1017097,jute
45,42,1.21,7.380396262,36.6,13.3,23.1426498,74.99739774,151.9035477,jute
54,45,1.74,6.176618831,43.5,18.3,24.29496635,77.62976013,184.9800516,jute
56,39,0.72,6.551130445,52.3,14.9,24.39459498,89.89106506,197.1220049,jute
40,45,2.12,6.427726565,34.8,15.2,25.7629429,80.76238215,174.5071843,jute
44,45,0.84,6.740947635,43.8,14.1,25.4879684,84.48235878,168.7848886,jute
47,40,1.18,6.130136384,35.1,20.7,25.37122686,76.2403666,183.8270791,jute
40,45,1.71,6.667633355,51.1,15.6,26.21312799,81.70476368,180.1237765,jute
57,35,1.57,6.1868143920000005,35.6,16.8,24.30748599,78.54340987,186.2337571,jute
36,38,1.34,6.334837865,44.3,21.6,23.76554749,87.98329901,150.31661519999997,jute
60,38,1.8,7.16214284,37.8,21.5,24.79853023,78.53037059,162.2847429,jute
51,40,1.49,7.422318499,40.4,15.5,23.20683504,74.09956958,199.4766779,jute
39,45,1.33,6.768001309,50.7,19.1,23.66805429,70.89000744,184.4633281,jute
50,43,1.55,6.348441469,40.7,26.6,25.12417673,85.72530641,159.5718087,jute
52,41,1.89,6.097294061,38.4,17.0,23.89069041,83.46409075,167.72306319999996,jute
52,42,1.44,6.14132902,42.7,15.5,23.09433785,81.45139295,196.6587013,jute
49,37,1.63,7.479248124,49.3,13.4,24.21744605,82.85284045,166.13658859999995,jute
48,45,1.16,6.509174788999999,39.6,16.5,24.06475727,71.31342851,153.63902119999997,jute
47,36,2.1,6.57256106,47.0,21.3,24.85441411,74.44070479999998,175.572958,jute
52,39,1.42,7.165696848,40.6,12.9,26.41915161,76.85691248,197.2101782,jute
52,45,1.73,7.207457207999999,44.5,22.5,24.89326318,77.01222585,196.469984,jute
51,44,1.44,7.124333547000001,41.3,18.6,23.25583402,82.7015932,166.2160846,jute
37,41,1.77,6.4635387070000005,34.6,20.6,24.7634518,87.06071115,179.1630865,jute
41,35,1.49,6.856833064,36.7,10.7,24.97042599,78.62697699,166.6415254,jute
55,36,1.46,7.132389299,49.2,23.9,26.12797248,80.49172597,150.6326874,jute
56,35,1.61,6.235357637999999,51.8,17.8,25.97825807,81.65769588,163.3488091,jute
40,42,1.79,6.704273839,39.7,16.2,26.2830571,73.35763537,186.6898282,jute
56,40,1.3,7.433313409,31.7,22.5,26.38905406,83.31240346,176.1516409,jute
56,44,1.31,6.109478059,38.0,13.9,25.2746335,73.7459581,168.0432282,jute
46,42,1.44,7.095413294,50.8,25.3,23.09499564,78.45959697,155.3851533,jute
48,36,1.0,6.352076782999999,40.2,14.4,25.79351957,81.76904006,193.2418382,jute
58,41,1.8,6.6587699910000016,43.4,15.8,23.17403323,87.88255345,160.6217342,jute
50,40,1.52,7.0518224720000005,39.6,23.6,25.63215038,79.95150917,182.2582277,jute
41,40,1.66,7.333143205,45.3,8.7,25.84879500000001,87.81661683,152.6194403,jute
42,43,1.48,6.352771037,52.4,22.6,26.56767277,80.90424543,181.2915605,jute
40,43,0.95,7.124050134,40.4,13.8,26.24532085,72.97198375,189.9711184,jute
57,43,2.01,6.998787171,43.2,15.3,26.91515043,73.19897535,177.22330480000005,jute
41,44,1.51,6.537914957999999,29.0,14.2,24.36972377,82.11319791,159.92109340000005,jute
45,43,1.51,7.171054239,46.2,11.2,25.71901283,79.15532398,187.1735424,jute
40,43,1.39,7.228268227999999,47.0,12.9,25.01157559,88.33130229999998,169.4168014,jute
43,35,1.57,7.319952206,42.3,24.0,25.40785911,76.44048625,188.6372826,jute
36,44,1.43,6.613341342999999,41.1,21.0,23.28081,74.27607475,153.7447398,jute
58,35,1.1,6.096838784,40.9,16.4,23.98651719,82.09053379,167.0576456,jute
41,37,1.46,6.132570522999999,46.2,19.9,24.48556447,83.20630007,192.2316221,jute
48,36,1.28,7.36008498,42.7,23.2,25.86705009,84.09985284,154.83908469999997,jute
58,35,1.25,7.321619041,42.7,17.3,23.5643831,79.46283115,185.25947,jute
59,41,1.48,7.175170657000001,33.8,22.9,24.2248758,74.89465426,192.4931257,jute
35,35,1.27,7.299076163,47.1,15.8,25.49386782,86.97061481,176.5268267,jute
41,35,1.31,6.842966478999998,48.1,21.5,24.97178693,79.47557931,195.7571622,jute
57,38,1.56,6.356295567999999,45.8,17.0,24.80624984,82.09281674,156.3616174,jute
42,43,1.5,6.508342839,38.7,21.2,23.16814977,76.66724969,157.1215052,jute
59,35,1.29,7.098227926,49.4,16.9,24.25133493,89.86454053,175.1742112,jute
43,42,1.51,6.310699968,45.8,18.1,26.58361011,78.00774772,154.8238864,jute
46,44,1.41,7.093328631,41.8,21.1,26.82489244,78.20392774,153.91998069999997,jute
37,42,1.3,6.691074249,41.4,18.0,25.49674786,81.13449097,169.92882340000003,jute
41,36,1.76,6.187746776,41.5,24.3,24.09874353,80.57226761,176.8604109,jute
56,37,1.45,6.491506245,40.8,17.4,23.18866654,86.20899734,176.103677,jute
53,38,1.11,6.855362875,36.8,16.1,26.24347471,78.51063754,183.4065252,jute
54,39,1.84,7.124571593,41.8,16.3,23.75091572,71.14782585,160.0889553,jute
58,37,1.87,6.067302109,49.8,22.4,26.13871511,79.1188943,171.4892533,jute
39,43,1.24,6.432051512,39.5,24.3,26.14576648,71.23690851,193.1007598,jute
50,44,1.57,6.253408852000001,40.7,20.5,26.91643698,73.48655995,171.4716375,jute
38,36,1.8,7.287318722999999,39.1,18.8,26.5232969,77.17331847,157.8548562,jute
48,38,1.78,7.161865733,36.2,18.0,23.81579631,80.94023552,190.312216,jute
41,36,1.17,6.065898282999999,37.1,16.0,26.50838667,86.84264005,152.9801697,jute
54,35,1.64,7.311077075,40.4,15.7,26.63952463,70.95705996,199.3355744,jute
46,41,1.52,6.581693772,36.3,19.5,23.325013100000003,79.79609448,187.3096148,jute
52,43,1.84,6.732826127,41.6,17.3,26.47549543,73.96164569,180.2513601,jute
43,43,1.61,6.014572075,31.9,19.9,23.78756036,74.36794079,172.64426540000005,jute
55,43,2.43,6.663559451,41.4,17.6,25.49941707,75.99987588,193.71418280000003,jute
57,41,1.72,6.434610995,50.2,21.4,23.24925555,73.65346838,184.7674863,jute
47,35,0.85,7.432768147000001,44.8,27.0,26.98582182,89.05587886,193.8778713,jute
43,38,1.69,6.987332927000001,36.2,19.0,23.61475336,86.14290267,150.2355238,jute
44,43,1.12,6.718725189,48.2,14.7,23.87484465,86.79261344,177.5147313,jute
52,39,1.52,6.880204617,37.7,16.1,23.92887902,88.07112278,154.6608736,jute
39,37,1.95,6.86106911,42.5,16.0,24.81441246,81.68688879,190.7886386,jute
39,43,1.16,6.7693455,32.6,13.6,24.44743944,82.286484,190.9684885,jute
38,43,1.53,7.26158085,46.9,16.0,26.57421679,73.81994896,159.3223075,jute
21,26,2.17,7.261313694,28.4,21.2,26.33377983,57.36469955,191.6549412,coffee
21,26,1.38,7.235070264,37.0,29.3,26.45288458,55.32222678,144.68613359999995,coffee
38,35,1.17,7.18915558,30.3,26.4,25.70822684,52.88667115,136.73250919999998,coffee
24,31,1.27,6.431899747999999,34.8,26.3,24.12832546,56.18107663,147.27578180000003,coffee
28,34,1.72,6.42321105,34.8,28.2,23.44372334,60.39523266,122.2103248,coffee
23,25,2.28,6.869720196,31.7,20.1,23.4123707,52.26994674,139.3670753,coffee
31,27,1.42,6.973839707000001,36.9,17.2,23.05951896,50.40609436,164.4971875,coffee
25,34,1.62,7.184801627000001,32.5,20.2,23.07895447,63.65861483,129.8765443,coffee
18,32,1.78,6.351823783,44.8,21.6,27.6496114,51.11044023,122.8392822,coffee
32,34,1.57,6.392048018,37.1,22.8,25.46743689,69.35161206,171.37644619999998,coffee
36,28,2.13,6.119892347,32.8,21.1,26.7350622,55.55164819,140.63052130000003,coffee
33,25,1.16,6.910823945,23.9,15.6,26.20811417,52.50987966,189.0944824,coffee
15,27,1.81,6.501157208,25.2,26.4,27.0424167,57.27927475,165.6872119,coffee
30,31,1.71,7.027585558999999,30.8,19.0,24.65090184,51.93952357,135.1386537,coffee
39,29,1.89,7.13411409,28.0,18.6,27.35152643,55.99375012,148.98125249999995,coffee
34,30,2.06,6.6477659970000005,33.8,21.2,25.17787724,62.26244581,135.0119649,coffee
15,28,1.89,6.703270635,32.0,23.3,23.11438731,68.00096043,161.8944624,coffee
20,26,1.45,7.493191968,42.4,20.0,27.22783677,52.95261751,175.7260273,coffee
29,28,2.17,6.724688502999999,31.1,24.8,23.26316991,60.51600210000001,194.1755471,coffee
32,26,1.92,6.043485685,37.7,19.1,25.234661,57.53161469,124.2261737,coffee
24,28,2.02,7.101661011,41.2,21.1,25.59535262,57.72920846,195.7733251,coffee
21,28,1.71,7.466900682999999,29.4,20.8,25.5674832,60.49244602,190.2257843,coffee
23,28,2.21,6.877799264,27.0,18.7,25.67324193,51.29043632,196.2736367,coffee
26,30,2.18,6.410992833,35.1,29.4,24.40726724,62.65692638,148.6977358,coffee
33,31,1.56,7.393825704,32.6,19.7,23.69287069,66.76090123,144.6576424,coffee
25,26,1.74,7.482414225,23.1,24.4,24.53460016,66.99765375,180.5059257,coffee
26,27,1.8,6.081172981,31.7,20.6,27.13140403,52.89368299,192.4280381,coffee
18,27,1.43,6.516312148,35.6,17.9,27.56088634,68.49299897,167.43580749999995,coffee
27,31,1.85,6.0433309510000015,42.4,27.2,23.59302313,55.27564977,191.3980675,coffee
39,35,1.25,6.959404135,29.3,23.5,23.17714381,52.13864034,117.3113562,coffee
27,27,1.68,7.238109556,25.0,23.3,24.71384065,51.29142534,197.6439711,coffee
21,34,1.7,7.234258375,41.6,21.1,24.38534644,64.72543073,119.6324109,coffee
27,31,2.05,6.691541233,25.7,18.4,27.15998538,51.59100753,126.1752206,coffee
24,33,1.92,6.809593554,37.4,18.6,26.53543168,67.09608099,120.6494434,coffee
31,35,1.71,6.485761419,25.1,21.4,27.01207284,60.76645256,191.4508931,coffee
35,35,1.95,6.784460602,29.8,21.1,27.55906475,58.45742907,117.9389993,coffee
27,29,1.36,7.167092586,28.8,28.2,23.32293161,53.00366334,168.26442869999997,coffee
40,33,1.72,6.73410539,27.0,20.9,24.23850608,54.30329632,115.1564012,coffee
40,30,1.22,6.779984384,26.9,26.8,23.42611644,64.10651528,122.6847408,coffee
21,33,1.66,7.277422737999999,41.5,21.7,26.02241444,55.83288958,176.90209240000004,coffee
34,25,1.69,7.21270048,35.2,12.6,24.83846178,56.7685316,124.4135035,coffee
30,25,1.76,7.487266991,31.8,27.2,26.24092174,65.64381357,148.37712019999995,coffee
21,27,1.99,7.231166546,26.3,26.3,24.43011925,66.02411187,181.6368274,coffee
33,34,1.62,6.559817161000002,27.5,22.7,26.00373964,62.144510200000006,153.477776,coffee
23,28,1.64,6.979590627,39.7,23.2,26.22367404,62.26594559,193.7461968,coffee
15,29,1.76,6.779230041,36.5,25.8,27.09617155,63.55324262,190.2440566,coffee
29,30,1.94,6.217974349,39.1,24.1,25.64004392,61.03273481,199.4735636,coffee
29,27,1.75,7.205078785,38.2,21.7,27.74576987,54.36976075,139.8619431,coffee
35,32,1.71,6.854011265,40.6,27.7,26.24928198,54.28617819,133.1120232,coffee
29,35,1.7,6.246872394,29.7,27.1,26.67377159,52.24226285,156.15438980000005,coffee
33,25,1.94,6.911066044,33.6,20.9,27.10210397,55.74973320000001,139.5013171,coffee
17,28,1.8,6.777417989,31.9,19.7,27.62975458,61.26002598,196.6492664,coffee
19,33,1.74,6.273741983,33.3,20.7,27.536454700000004,55.51673151,130.6377143,coffee
20,34,1.97,6.906124587000001,38.4,25.4,23.56960509,50.56339727,130.3797119,coffee
27,28,1.62,7.162802357,35.8,22.3,24.99451759,57.93250202,192.8736822,coffee
40,35,1.33,6.9557873510000015,35.4,22.5,27.56441788,54.41094079,177.816092,coffee
35,25,2.48,6.971963169,39.3,24.5,23.98143338,61.10935084,161.5279095,coffee
31,30,1.77,6.840927967000001,32.8,18.5,24.22984659,67.37768353,122.4073418,coffee
28,30,1.18,6.536676653,27.6,21.8,25.60153969,68.66257977,168.8383605,coffee
24,26,1.07,6.089443602999999,29.3,21.1,24.31274458,53.57285558,184.4103931,coffee
26,27,1.64,7.456460375,28.7,20.8,26.36629861,52.25738495,177.31761609999995,coffee
28,35,2.22,6.759211911,35.3,20.0,26.5602777,57.1621814,152.0616227,coffee
40,35,1.68,7.460174812000001,31.9,19.3,26.35034208,58.50650238,121.5586297,coffee
38,29,1.47,6.652642579,37.1,20.5,25.20406808,57.88370456,156.1457255,coffee
40,30,1.37,6.026287448,31.8,22.4,23.35723208,55.18792166,171.6976946,coffee
22,26,1.11,6.074190142000001,31.8,25.0,23.60567546,59.68849145,185.1568059,coffee
40,32,1.84,7.0455430560000005,43.1,26.4,24.18471151,69.94807345,163.27087319999995,coffee
28,33,2.13,6.9932360010000005,46.0,24.7,26.44414097,53.83876189,175.3723314,coffee
39,29,1.75,6.726528895,36.9,20.0,26.12492233,63.37479229,147.8035305,coffee
28,26,1.73,6.937352845,28.8,23.4,27.77363343,64.47858698,192.7121236,coffee
20,26,1.5,7.27905689,28.6,23.4,25.55656667,62.67087838,193.5866233,coffee
26,30,1.66,7.079850922,22.4,16.9,27.92374437,67.96910852,115.2325531,coffee
29,31,1.36,6.136286518,27.6,23.5,26.05968403,52.31098539,161.3432535,coffee
30,28,1.77,6.5052036960000015,37.3,24.6,26.35770906,64.57578034,163.62694960000005,coffee
40,33,2.02,7.042089492000001,35.0,22.7,24.91370487,54.15319242,129.5481144,coffee
37,35,2.03,6.348337518999998,36.6,23.3,27.31317116,68.42333909999999,192.4288139,coffee
40,33,2.08,7.432322234,20.3,21.0,26.1387869,52.26311691,136.3027766,coffee
37,32,1.61,6.787658922,37.8,27.5,23.1069385,67.06230539,162.57696059999995,coffee
18,35,1.26,6.743417121,39.1,17.9,23.52648086,68.44030686,171.8839938,coffee
23,25,1.36,7.00733163,30.8,20.9,25.11711046,68.48030408,194.8773479,coffee
18,31,1.23,7.303033217,35.2,24.4,24.02952505,58.84880599,134.6803969,coffee
31,26,2.02,6.861235184,29.8,21.9,26.70897548,69.71184111,158.86088869999998,coffee
33,33,1.69,7.131435858,40.4,12.1,26.71717393,50.50148528,126.8073984,coffee
26,27,1.41,7.288211994,32.0,18.2,24.59245684,56.46829641,137.70440469999997,coffee
35,28,1.62,6.983732393,31.4,19.7,27.51006055,50.66687215,143.9955548,coffee
36,25,1.72,6.172090205,35.1,21.2,27.57847581,58.52534263,156.6810374,coffee
38,29,1.56,6.35118177,31.2,22.0,26.65069302,57.56695719,145.105065,coffee
33,33,1.18,6.908671378999999,34.3,20.4,26.97251562,62.0183627,142.8610793,coffee
31,31,2.08,6.766184468,35.0,26.1,23.17124551,52.97841162,153.12016440000005,coffee
16,30,1.4,6.392791654,30.1,17.7,23.52652084,65.44340921,186.1728203,coffee
40,30,1.49,6.3483162570000005,38.3,27.2,27.30901814,55.196224,141.48316440000005,coffee
31,34,1.36,6.123796057000001,29.7,21.7,27.54823036,62.88179198,181.4170812,coffee
21,35,1.88,7.4285236339999985,23.2,16.4,25.627355,57.04151119,188.5506536,coffee
38,34,1.85,6.020947179,22.3,20.4,23.29250318,50.04557009,183.468585,coffee
35,26,1.75,6.334610249,34.1,21.5,24.91461008,53.74144743,166.2549307,coffee
34,32,1.59,6.78006386,36.2,23.0,26.77463708,66.4132686,177.7745075,coffee
15,27,1.51,6.086922359,32.2,23.3,27.41711238,56.63636248,127.92461000000002,coffee
33,30,2.22,6.362607851,35.9,26.3,24.13179691,67.22512329,173.32283859999995,coffee
32,34,1.52,6.758792552,29.4,21.2,26.2724184,52.12739421,127.1752928,coffee
18,30,1.66,6.779832611000002,27.0,26.4,23.60301571,60.39647474,140.9370415,coffee
